Open,High,Low,Close,Adj Close,Volume,fear_greed_index,MACD,MACD_signal,MACD_diff
10237.2998046875,10288.7998046875,8812.2802734375,9170.5400390625,9170.5400390625,9959400448,30.0,,,
9142.2802734375,9142.2802734375,7796.490234375,8830.75,8830.75,12726899712,15.0,,,
8852.1201171875,9430.75,8251.6298828125,9174.91015625,9174.91015625,7263790080,40.0,,,
9175.7001953125,9334.8701171875,8031.22021484375,8277.009765625,8277.009765625,7073549824,24.0,,,
8270.5400390625,8364.83984375,6756.68017578125,6955.27001953125,6955.27001953125,9285289984,11.0,,,
7051.75,7850.7001953125,6048.259765625,7754.0,7754.0,13999800320,8.0,,,
7755.490234375,8509.1103515625,7236.7900390625,7621.2998046875,7621.2998046875,9169280000,36.0,,,
7637.85986328125,8558.76953125,7637.85986328125,8265.58984375,8265.58984375,9346750464,30.0,,,
8271.83984375,8736.98046875,7884.7099609375,8736.98046875,8736.98046875,6784820224,44.0,,,
8720.080078125,9122.5498046875,8295.4697265625,8621.900390625,8621.900390625,7780960256,54.0,,,
8616.1298828125,8616.1298828125,7931.10009765625,8129.97021484375,8129.97021484375,6122189824,31.0,,,
8141.43017578125,8985.919921875,8141.43017578125,8926.5703125,8926.5703125,6256439808,42.0,,,
8926.7197265625,8958.4697265625,8455.41015625,8598.3095703125,8598.3095703125,5696719872,35.0,,,
8599.919921875,9518.5400390625,8599.919921875,9494.6298828125,9494.6298828125,7909819904,55.0,,,
9488.3203125,10234.7998046875,9395.580078125,10166.400390625,10166.400390625,9062540288,71.0,,,
10135.7001953125,10324.099609375,9824.8203125,10233.900390625,10233.900390625,7296159744,67.0,,,
10207.5,11139.5,10149.400390625,11112.7001953125,11112.7001953125,8660880384,74.0,,,
11123.400390625,11349.7998046875,10326.0,10551.7998046875,10551.7998046875,8744009728,63.0,,,
10552.599609375,11273.7998046875,10513.2001953125,11225.2998046875,11225.2998046875,7652089856,67.0,,,
11231.7998046875,11958.5,11231.7998046875,11403.7001953125,11403.7001953125,9926540288,74.0,,,
11372.2001953125,11418.5,10479.099609375,10690.400390625,10690.400390625,9405339648,54.0,,,
10660.400390625,11039.099609375,9939.08984375,10005.0,10005.0,8040079872,44.0,,,
9937.0703125,10487.2998046875,9734.5595703125,10301.099609375,10301.099609375,7739500032,39.0,,,
10287.7001953125,10597.2001953125,9546.9697265625,9813.0703125,9813.0703125,6917929984,31.0,,,
9796.419921875,9923.2197265625,9407.0595703125,9664.73046875,9664.73046875,5706939904,33.0,,,
9669.4296875,10475.0,9501.73046875,10366.7001953125,10366.7001953125,7287690240,37.0,355.8848649666197,,
10393.900390625,10878.5,10246.099609375,10725.599609375,10725.599609375,6966179840,44.0,379.8214668962846,,
10687.2001953125,11089.7998046875,10393.099609375,10397.900390625,10397.900390625,6936189952,41.0,368.10551686230247,,
10385.0,11052.2998046875,10352.7001953125,10951.0,10951.0,7317279744,38.0,398.8533252261386,,
10977.400390625,11189.0,10850.099609375,11086.400390625,11086.400390625,7620590080,47.0,429.19932219665316,,
11101.900390625,11528.2001953125,11002.400390625,11489.7001953125,11489.7001953125,6690570240,56.0,480.255579773162,,
11497.400390625,11512.599609375,11136.099609375,11512.599609375,11512.599609375,6084149760,44.0,516.6106570044922,,
11532.400390625,11704.099609375,11443.900390625,11573.2998046875,11573.2998046875,6468539904,55.0,544.0488595097577,,
11500.099609375,11500.099609375,10694.2998046875,10779.900390625,10779.900390625,6832169984,59.0,496.0549183620642,457.80016666380897,38.254751698255234
10803.900390625,10929.5,9692.1201171875,9965.5703125,9965.5703125,8797910016,37.0,387.83897626359067,443.8079285837654,-55.96895232017471
9951.4404296875,10147.400390625,9335.8701171875,9395.009765625,9395.009765625,7186089984,39.0,253.11978738998732,405.67030034500976,-152.55051295502244
9414.6904296875,9466.349609375,8513.0302734375,9337.5498046875,9337.5498046875,8704190464,37.0,140.10230876875903,352.55670202975966,-212.45439326100063
9350.58984375,9531.3203125,8828.4697265625,8866.0,8866.0,5386319872,39.0,12.342735016158258,284.5139086270394,-272.17117361088117
8852.7802734375,9711.8896484375,8607.1201171875,9578.6298828125,9578.6298828125,6296370176,40.0,-31.04648721540798,221.40182945854997,-252.44831667395795
9602.9296875,9937.5,8956.4296875,9205.1201171875,9205.1201171875,6457399808,41.0,-94.48273679466365,158.22491620790726,-252.7076530025709
9173.0400390625,9470.3798828125,8958.1904296875,9194.849609375,9194.849609375,5991139840,41.0,-143.92607555781797,97.79471785476221,-241.72079341258018
9214.650390625,9355.849609375,8068.58984375,8269.8095703125,8269.8095703125,6438230016,40.0,-254.81591872416175,27.272590538977425,-282.08850926313914
8290.759765625,8428.349609375,7783.0498046875,8300.8603515625,8300.8603515625,6834429952,32.0,-336.31455496589115,-45.44483856199629,-290.86971640389487
8322.91015625,8585.150390625,8005.31005859375,8338.349609375,8338.349609375,5289379840,33.0,-393.343522281737,-115.02457530594444,-278.3189469757926
8321.91015625,8346.5302734375,7812.81982421875,7916.8798828125,7916.8798828125,4426149888,31.0,-467.16330651672615,-185.4523215481008,-281.7109849686253
7890.52001953125,8245.509765625,7397.990234375,8223.6796875,8223.6796875,6639190016,29.0,-495.2014629477944,-247.4021498280395,-247.7993131197549
8344.1201171875,8675.8701171875,8182.39990234375,8630.650390625,8630.650390625,6729110016,29.0,-479.0604586151803,-293.7338115854677,-185.3266470297126
8619.669921875,9051.01953125,8389.8896484375,8913.4697265625,8913.4697265625,6361789952,37.0,-438.3939075263497,-322.66583077364413,-115.72807675270559
8937.48046875,9177.3701171875,8846.330078125,8929.2802734375,8929.2802734375,6043129856,36.0,-400.2754673781037,-338.1877580945361,-62.08770928356762
8939.4404296875,9100.7099609375,8564.900390625,8728.4697265625,8728.4697265625,5530390016,36.0,-381.86812379468756,-346.9238312345664,-34.94429256012114
8736.25,8879.6201171875,8360.6201171875,8879.6201171875,8879.6201171875,5954120192,28.0,-351.03706134990534,-347.74647725763424,-3.2905840922711036
8901.9501953125,8996.1796875,8665.7001953125,8668.1201171875,8668.1201171875,5664600064,32.0,-339.75304306581893,-346.1477904192712,6.39474735345226
8612.8095703125,8682.009765625,8449.099609375,8495.7802734375,8495.7802734375,4569880064,30.0,-340.78836621286246,-345.0759055779895,4.2875393651270315
8498.4697265625,8530.080078125,7921.43017578125,8209.400390625,8209.400390625,5921039872,31.0,-360.5610075784916,-348.1729259780899,-12.388081600401733
8200.0,8232.7802734375,7797.27978515625,7833.0400390625,7833.0400390625,5378250240,24.0,-401.96648390038354,-358.93163756254864,-43.03484633783489
7836.830078125,8122.89013671875,7809.169921875,7954.47998046875,7954.47998046875,4935289856,24.0,-420.13834057714666,-371.17297816546824,-48.96536241167843
7979.06982421875,7994.330078125,7081.3798828125,7165.7001953125,7165.7001953125,6361229824,18.0,-492.51025285115065,-395.44043310260474,-97.06981974854591
7171.4501953125,7276.66015625,6683.93017578125,6890.52001953125,6890.52001953125,6289509888,12.0,-565.5509360016413,-429.4625336824121,-136.0884023192292
6892.47998046875,7207.85009765625,6863.52001953125,6973.52978515625,6973.52978515625,4553269760,16.0,-609.7096559015781,-465.5119581262453,-144.1976977753328
7003.06005859375,7060.9501953125,6526.8701171875,6844.22998046875,6844.22998046875,4532100096,16.0,-647.673199719602,-501.9442064449167,-145.72899327468537
6844.85986328125,7135.47021484375,6816.580078125,7083.7998046875,7083.7998046875,4333440000,11.0,-650.9248426624899,-531.7403336884314,-119.18450897405853
7102.259765625,7530.93994140625,7072.490234375,7456.10986328125,7456.10986328125,5499700224,22.0,-616.354531545735,-548.6631732598921,-67.69135828584285
7456.41015625,7469.8798828125,6803.8798828125,6853.83984375,6853.83984375,4936000000,22.0,-630.2898787354334,-564.9885143550005,-65.30136438043291
6848.64990234375,6933.81982421875,6644.7998046875,6811.47021484375,6811.47021484375,5639320064,17.0,-637.4050085690542,-579.4718131978112,-57.93319537124296
6815.9599609375,6857.490234375,6575.0,6636.31982421875,6636.31982421875,3766810112,19.0,-649.6877766815023,-593.5150058945494,-56.172770786952924
6630.509765625,7050.5400390625,6630.509765625,6911.08984375,6911.08984375,3976610048,20.0,-629.9882028277189,-600.8096452811833,-29.178557546535558
6919.97998046875,7111.56005859375,6919.97998046875,7023.52001953125,7023.52001953125,3652499968,17.0,-598.4059220784984,-600.3289006406463,1.9229785621479323
7044.31982421875,7178.10986328125,6661.990234375,6770.72998046875,6770.72998046875,4894060032,21.0,-587.0081163787854,-597.6647437882742,10.656627409488806
6795.43994140625,6872.41015625,6704.14990234375,6834.759765625,6834.759765625,4272750080,18.0,-566.2808713152208,-591.3879692936636,25.107097978442766
6843.47021484375,6968.31982421875,6817.58984375,6968.31982421875,6968.31982421875,4641889792,20.0,-532.9338698383935,-579.6971494026095,46.76327956421596
6955.3798828125,7899.22998046875,6806.509765625,7889.25,7889.25,8906250240,18.0,-427.2694658288319,-549.2116126878541,121.94214685902216
7901.08984375,8183.9599609375,7758.93017578125,7895.9599609375,7895.9599609375,7764460032,23.0,-339.07952887101237,-507.18519592448575,168.10566705347338
7874.669921875,8140.7099609375,7846.0,7986.240234375,7986.240234375,5191430144,23.0,-258.91884956863487,-457.5319266533156,198.61307708468075
7999.330078125,8338.419921875,7999.330078125,8329.1103515625,8329.1103515625,5244480000,23.0,-165.8127940481836,-399.18810013228926,233.37530608410566
8337.5703125,8371.150390625,7925.72998046875,8058.669921875,8058.669921875,5631309824,23.0,-112.55044529300812,-341.86056916443306,229.31012387142493
8071.66015625,8285.9599609375,7881.72021484375,7902.08984375,7902.08984375,6900879872,26.0,-82.02877719800654,-289.89421077114775,207.86543357314122
7944.43017578125,8197.7998046875,7886.009765625,8163.419921875,8163.419921875,6529909760,24.0,-36.33414465550686,-239.1821975480196,202.84805289251273
8159.27001953125,8298.6904296875,8138.77978515625,8294.3095703125,8294.3095703125,7063209984,25.0,10.321897179420375,-189.28137860253162,199.603275781952
8286.8798828125,8880.23046875,8244.5400390625,8845.830078125,8845.830078125,8438110208,26.0,90.75408559719017,-133.27428576258725,224.02837135977742
8848.7900390625,8997.5703125,8652.150390625,8895.580078125,8895.580078125,7548550144,32.0,156.70518380943486,-75.27839184818284,231.98357565761768
8925.0595703125,9001.6396484375,8779.6103515625,8802.4599609375,8802.4599609375,6629899776,31.0,199.16207267518803,-20.39029894350866,219.5523716186967
8794.3896484375,8958.5498046875,8788.8095703125,8930.8798828125,8930.8798828125,6925190144,28.0,240.40068794550643,31.767898434294363,208.63278951121208
8934.33984375,9732.6103515625,8927.830078125,9697.5,9697.5,10678800384,29.0,331.12541651759966,91.63940205095543,239.48601446664424
9701.0302734375,9745.3203125,8799.83984375,8845.740234375,8845.740234375,11083100160,64.0,330.48588732602,139.40869910596837,191.07718822005165
8867.3203125,9281.509765625,8727.08984375,9281.509765625,9281.509765625,8970559488,47.0,360.98085256252125,183.72312979727894,177.2577227652423
9290.6298828125,9375.4697265625,8987.0498046875,8987.0498046875,8987.0498046875,7566289920,55.0,357.269493940119,218.43240262584698,138.83709131427202
8939.26953125,9412.08984375,8931.990234375,9348.48046875,9348.48046875,7805479936,54.0,379.12236287695487,250.5703946760686,128.55196820088628
9346.41015625,9531.490234375,9193.7099609375,9419.080078125,9419.080078125,8853000192,61.0,397.55495139154846,279.96730601916454,117.58764537238392
9426.1103515625,9477.1396484375,9166.8095703125,9240.5498046875,9240.5498046875,8673920000,59.0,393.22416614851863,302.6186780450354,90.60548810348325
9251.4697265625,9255.8798828125,8891.0498046875,9119.009765625,9119.009765625,7713019904,56.0,375.6544120169601,317.22582483942034,58.42858717753978
9104.599609375,9256.51953125,9015.1396484375,9235.919921875,9235.919921875,7558159872,52.0,366.9341394834955,327.1674877682354,39.76665171526014
9233.9697265625,9798.330078125,9188.150390625,9743.8603515625,9743.8603515625,10207299584,55.0,396.4398959695718,341.02196940850274,55.417926561069066
9695.5,9779.2001953125,9585.9599609375,9700.759765625,9700.759765625,8217829888,56.0,411.6008846976147,355.13775246632514,56.463132231289535
9700.2802734375,9964.5,9695.1201171875,9858.150390625,9858.150390625,7651939840,63.0,431.34392133983965,370.37898624102803,60.96493509881162
9845.3095703125,9940.1396484375,9465.25,9654.7998046875,9654.7998046875,7222280192,67.0,425.67481303500426,381.4381515998233,44.23666143518096
9645.669921875,9665.849609375,9231.5302734375,9373.009765625,9373.009765625,7394019840,56.0,393.903231468852,383.93116757362907,9.97206389522296
9380.8701171875,9462.75,9127.76953125,9234.8203125,9234.8203125,7415869952,62.0,353.498380915953,377.8446102420939,-24.34622932614087
9223.73046875,9374.759765625,9031.6201171875,9325.1796875,9325.1796875,7226890240,53.0,325.0218426660649,367.2800567268881,-42.25821406082321
9325.9599609375,9396.0400390625,9040.51953125,9043.9404296875,9043.9404296875,6906699776,63.0,276.57217141782166,349.1384796650749,-72.56630824725323
9052.9599609375,9052.9599609375,8394.4599609375,8441.490234375,8441.490234375,8488520192,41.0,187.40250262098925,316.79128425625777,-129.38878163526851
8441.4404296875,8664.8603515625,8223.5,8504.8896484375,8504.8896484375,6821380096,44.0,120.46208855870282,277.52544511674677,-157.06335655804395
8515.490234375,8773.5498046875,8395.1201171875,8723.9404296875,8723.9404296875,5866379776,40.0,84.11724426706678,238.8438049468108,-154.726560679744
8713.099609375,8881.1201171875,8367.9697265625,8716.7900390625,8716.7900390625,7364149760,40.0,54.11293630476575,201.8976312184018,-147.78469491363606
8705.1904296875,8836.1904296875,8456.4501953125,8510.3798828125,8510.3798828125,6705710080,40.0,13.522848527409224,164.2226746802033,-150.6998261527941
8504.41015625,8508.4296875,8175.490234375,8368.830078125,8368.830078125,6760220160,32.0,-29.724331142484516,125.43327351566576,-155.15760465815026
8370.0498046875,8445.5400390625,8054.1201171875,8094.31982421875,8094.31982421875,5862530048,31.0,-85.1669641738954,83.31322597775353,-168.4801901516489
8091.830078125,8274.1201171875,7974.81982421875,8250.9697265625,8250.9697265625,5764190208,37.0,-115.13807232579893,43.62296631704304,-158.76103864284198
8255.73046875,8372.0595703125,8183.35009765625,8247.1796875,8247.1796875,4712399872,31.0,-137.60993428084294,7.376386197465841,-144.98632047830878
8246.990234375,8562.41015625,8205.240234375,8513.25,8513.25,5191059968,32.0,-132.4229073592287,-20.58347251387307,-111.83943484535564
8522.330078125,8557.51953125,8365.1201171875,8418.990234375,8418.990234375,5154990080,41.0,-134.3692019592836,-43.34061840295517,-91.02858355632843
8419.8701171875,8423.25,8004.580078125,8041.77978515625,8041.77978515625,5137010176,30.0,-164.45366573507454,-67.56322786937905,-96.89043786569549
8037.080078125,8054.66015625,7507.8798828125,7557.81982421875,7557.81982421875,6491120128,26.0,-224.7564913238275,-99.00188056026875,-125.75461076355876
7561.1201171875,7738.60009765625,7331.14013671875,7587.33984375,7587.33984375,6049220096,27.0,-267.0860939584054,-132.6187232398961,-134.4673707185093
7592.2998046875,7659.14013671875,7392.64990234375,7480.14013671875,7480.14013671875,4867829760,25.0,-305.7581399571254,-167.246606583342,-138.51153337378344
7486.47998046875,7595.16015625,7349.1201171875,7355.8798828125,7355.8798828125,4051539968,23.0,-342.48482713431713,-202.294250693537,-140.19057644078012
7362.080078125,7381.740234375,7270.9599609375,7368.22021484375,7368.22021484375,4056519936,19.0,-366.3719222007421,-235.10978499497804,-131.26213720576408
7371.31005859375,7419.0498046875,7100.89013671875,7135.990234375,7135.990234375,5040600064,22.0,-399.43717264971383,-267.97526252592525,-131.46191012378858
7129.4599609375,7526.419921875,7090.68017578125,7472.58984375,7472.58984375,5662660096,16.0,-393.939754189224,-293.168160858585,-100.771593330639
7469.72998046875,7573.77001953125,7313.60009765625,7406.52001953125,7406.52001953125,4922540032,38.0,-390.4138453138221,-312.6172977496324,-77.79654756418967
7406.14990234375,7608.89990234375,7361.1298828125,7494.169921875,7494.169921875,5127130112,25.0,-376.210205463065,-325.33587929231896,-50.87432617074603
7500.7001953125,7604.72998046875,7407.33984375,7541.4501953125,7541.4501953125,4921460224,24.0,-357.02305606972914,-331.673314647801,-25.349741421928115
7536.72021484375,7695.830078125,7497.259765625,7643.4501953125,7643.4501953125,4939299840,27.0,-329.7849982137568,-331.2956513609922,1.5106531472354163
7632.08984375,7754.89013671875,7613.0400390625,7720.25,7720.25,4851760128,40.0,-298.559925750802,-324.7485062389542,26.188580488152184
7722.52978515625,7753.81982421875,7474.0400390625,7514.47021484375,7514.47021484375,4993169920,41.0,-287.1089267595171,-317.22059034306676,30.11166358354967
7500.89990234375,7643.22998046875,7397.0,7633.759765625,7633.759765625,4961739776,26.0,-265.3494741910936,-306.84636711267217,41.49689292157859
7625.97021484375,7680.43017578125,7502.009765625,7653.97998046875,7653.97998046875,4692259840,42.0,-243.66453581871338,-294.2100008538804,50.54546503516701
7650.81982421875,7741.27001953125,7650.81982421875,7678.240234375,7678.240234375,4485799936,38.0,-221.96281700089366,-279.76056408328304,57.79774708238938
7685.14013671875,7698.18994140625,7558.39990234375,7624.919921875,7624.919921875,4227579904,40.0,-206.68402727752164,-265.14525672213074,58.4612294446091
7632.52001953125,7683.580078125,7531.97998046875,7531.97998046875,7531.97998046875,3845220096,39.0,-199.77210441808438,-252.07062626132148,52.2985218432371
7499.5498046875,7499.5498046875,6709.06982421875,6786.02001953125,6786.02001953125,5804839936,24.0,-251.58695257259205,-251.97389152357562,0.3869389509835628
6799.2900390625,6910.18017578125,6706.6298828125,6906.919921875,6906.919921875,4745269760,15.0,-279.6711068933173,-257.51333459752396,-22.157772295793336
6905.81982421875,6907.9599609375,6542.080078125,6582.35986328125,6582.35986328125,4654380032,19.0,-324.37805746668255,-270.8862791713557,-53.49177829532687
6596.8798828125,6631.66015625,6285.6298828125,6349.89990234375,6349.89990234375,5052349952,19.0,-374.2520691021773,-291.55943715752,-82.69263194465731
6342.75,6707.14013671875,6334.4599609375,6675.35009765625,6675.35009765625,5138710016,17.0,-383.1003296566005,-309.8676156573361,-73.23271399926438
6674.080078125,6681.080078125,6433.8701171875,6456.580078125,6456.580078125,3955389952,26.0,-403.11865125407803,-328.5178227766845,-74.60082847739352
6455.4501953125,6592.490234375,6402.2900390625,6550.16015625,6550.16015625,3194170112,22.0,-406.74349925063143,-344.16295807147395,-62.58054117915748
6545.52978515625,6589.10986328125,6499.27001953125,6499.27001953125,6499.27001953125,3104019968,23.0,-409.00783836793835,-357.13193413076687,-51.87590423717148
6510.06982421875,6781.14013671875,6446.68017578125,6734.81982421875,6734.81982421875,4039200000,27.0,-387.3305374349966,-363.1716547916128,-24.158882643383777
6742.39013671875,6822.5,6709.919921875,6769.93994140625,6769.93994140625,4057029888,32.0,-363.13126909440143,-363.16357765217055,0.03230855776911312
6770.759765625,6821.56005859375,6611.8798828125,6776.5498046875,6776.5498046875,3888640000,34.0,-339.5061977499099,-358.43210167171844,18.925903921808526
6780.08984375,6810.93994140625,6715.169921875,6729.740234375,6729.740234375,3529129984,37.0,-320.8616067471048,-350.9180026867957,30.0563959396909
6737.8798828125,6747.080078125,6006.60009765625,6083.68994140625,6083.68994140625,5079810048,28.0,-354.1342541840422,-351.561252986245,-2.5730011977972254
6090.10009765625,6224.81982421875,6071.81005859375,6162.47998046875,6162.47998046875,3431360000,17.0,-369.8816044252726,-355.22532327405054,-14.65628115122206
6164.27978515625,6223.77978515625,5826.41015625,6173.22998046875,6173.22998046875,4566909952,15.0,-377.14654715643337,-359.6095680505271,-17.536979105906255
6171.97021484375,6327.3701171875,6119.68017578125,6249.18017578125,6249.18017578125,5500810240,16.0,-372.4817824661004,-362.1840109336418,-10.297771532458626
6253.5498046875,6290.16015625,6093.669921875,6093.669921875,6093.669921875,3279759872,21.0,-376.98762203780734,-365.1447331544749,-11.84288888333242
6084.39990234375,6180.0,6052.85009765625,6157.1298828125,6157.1298828125,3296219904,18.0,-371.1593499233295,-366.3476565082459,-4.811693415083596
6153.16015625,6170.41015625,5873.0498046875,5903.43994140625,5903.43994140625,3467800064,20.0,-382.60067792390055,-369.59826079137684,-13.002417132523703
5898.1298828125,6261.66015625,5835.75,6218.2998046875,6218.2998046875,3966230016,16.0,-362.0875335267092,-368.0961153384433,6.008581811734132
6214.22021484375,6465.509765625,6214.22021484375,6404.0,6404.0,4543860224,22.0,-327.0759371959848,-359.89207970995164,32.81614251396684
6411.68017578125,6432.85009765625,6289.2900390625,6385.81982421875,6385.81982421875,4788259840,27.0,-297.3681086550787,-347.38728549897706,50.01917684389838
6380.3798828125,6683.85986328125,6305.7001953125,6614.18017578125,6614.18017578125,4396930048,27.0,-252.4871538769603,-328.4072591745737,75.92010529761342
6596.66015625,6671.3701171875,6447.75,6529.58984375,6529.58984375,4672309760,31.0,-221.19461290084928,-306.9647299198288,85.77011701897953
6550.8701171875,6771.919921875,6450.4599609375,6597.5498046875,6597.5498046875,4176689920,33.0,-188.73562108807346,-283.31890815347776,94.5832870654043
6599.7099609375,6749.5400390625,6546.64990234375,6639.14013671875,6639.14013671875,4999240192,37.0,-157.8362064734274,-258.22236781746767,100.38616134404026
6638.68994140625,6700.93994140625,6533.5498046875,6673.5,6673.5,4313959936,34.0,-129.08760243697088,-232.3954147413683,103.30781230439743
6668.7099609375,6863.990234375,6579.240234375,6856.93017578125,6856.93017578125,3961080064,34.0,-90.4600769621884,-204.00834718553233,113.54827022334393
6857.7998046875,6885.91015625,6747.97998046875,6773.8798828125,6773.8798828125,3386210048,38.0,-65.79055670495472,-176.36478908941683,110.5742323844621
6775.080078125,6838.68017578125,6724.33984375,6741.75,6741.75,3718129920,39.0,-48.275902634273734,-150.7470117983882,102.47110916411447
6739.2099609375,6767.740234375,6320.72021484375,6329.9501953125,6329.9501953125,4052430080,37.0,-66.85356944702562,-133.96832332811567,67.11475388109005
6330.77001953125,6444.9599609375,6330.47021484375,6394.7099609375,6394.7099609375,3644859904,29.0,-75.48083627955748,-122.27082591840404,46.78998963884656
6396.77978515625,6397.10009765625,6136.419921875,6228.81005859375,6228.81005859375,3770170112,33.0,-94.61409069395359,-116.73947887351396,22.125388179560375
6235.02978515625,6310.5498046875,6192.240234375,6238.0498046875,6238.0498046875,3805400064,29.0,-107.78923516847863,-114.94943013250689,7.160194964028264
6247.5,6298.18994140625,6212.22021484375,6276.1201171875,6276.1201171875,2923670016,29.0,-113.84632645001693,-114.72880939600891,0.8824829459919812
6272.7001953125,6403.4599609375,6256.509765625,6359.64013671875,6359.64013671875,3285459968,32.0,-110.6319510931744,-113.90943773544201,3.2774866422676183
6357.009765625,6741.75,6357.009765625,6741.75,6741.75,4725799936,36.0,-76.37110437129559,-106.40177106261272,30.030666691317137
6739.64990234375,7387.240234375,6684.169921875,7321.0400390625,7321.0400390625,5961950208,39.0,-2.44706346032126,-85.61082954215443,83.16376608183317
7315.31982421875,7534.990234375,7280.47021484375,7370.77978515625,7370.77978515625,6103410176,42.0,59.466362166414,-56.595391200440744,116.06175336685475
7378.2001953125,7494.4599609375,7295.4599609375,7466.85986328125,7466.85986328125,5111629824,44.0,114.96086013275726,-22.284140933801144,137.24500106655842
7467.39990234375,7594.669921875,7323.259765625,7354.1298828125,7354.1298828125,4936869888,47.0,148.13665513870728,11.800018280700542,136.33663685800673
7352.72021484375,7437.64013671875,7262.41015625,7419.2900390625,7419.2900390625,3726609920,43.0,177.63888129563384,44.9677908836872,132.67109041194664
7417.7998046875,7537.9501953125,7383.81982421875,7418.490234375,7418.490234375,3695460096,46.0,198.66498424925885,75.70722955680154,122.95775469245731
7414.7099609375,7771.5,7409.10009765625,7711.10986328125,7711.10986328125,5132480000,44.0,236.2173146897867,107.80924658339856,128.40806810638813
7716.509765625,8424.26953125,7705.5,8424.26953125,8424.26953125,7277689856,49.0,319.83695091631307,150.21478744998146,169.6221634663316
8379.66015625,8416.8701171875,8086.35986328125,8181.39013671875,8181.39013671875,5845400064,54.0,362.33105094980056,192.63804014994528,169.69301079985527
8176.85009765625,8290.330078125,7878.7099609375,7951.580078125,7951.580078125,4899089920,53.0,373.16259415431705,228.74295095081965,144.4196432034974
7950.39990234375,8262.66015625,7839.759765625,8165.009765625,8165.009765625,5195879936,47.0,394.42201083415966,261.8787629274876,132.54324790667204
8169.06005859375,8222.849609375,8110.77001953125,8192.150390625,8192.150390625,3988750080,54.0,408.7484753458966,291.2527054111695,117.49576993472715
8205.8203125,8272.259765625,8141.18017578125,8218.4599609375,8218.4599609375,4107190016,54.0,417.4135802122619,316.48488037138793,100.92869984087395
8221.580078125,8235.5,7917.5,8180.47998046875,8180.47998046875,5551400000,53.0,416.41588808769393,336.4710819146492,79.94480617304475
8181.2001953125,8181.52978515625,7696.93017578125,7780.43994140625,7780.43994140625,5287530000,48.0,378.9767143544814,344.9722084026156,34.00450595186578
7769.0400390625,7769.0400390625,7504.9501953125,7624.91015625,7624.91015625,4797620000,39.0,332.9182709971428,342.56142092152106,-9.643149924378235
7634.18994140625,7712.77001953125,7523.43994140625,7567.14990234375,7567.14990234375,4214110000,39.0,288.4310000095884,331.7353367391346,-43.30433672954621
7562.14013671875,7562.14013671875,7328.64990234375,7434.39013671875,7434.39013671875,4627150000,36.0,239.69881494088258,313.3280323794842,-73.62921743860164
7438.669921875,7497.490234375,6984.06982421875,7032.85009765625,7032.85009765625,4268390000,31.0,166.75503360923722,284.01343262543486,-117.25839901619764
7031.080078125,7102.77001953125,6940.7001953125,7068.47998046875,7068.47998046875,3679110000,23.0,110.54727497137446,249.3202010946228,-138.77292612324834
7062.93994140625,7166.5498046875,6890.5400390625,6951.7998046875,6951.7998046875,3925900000,25.0,55.94223893954313,210.64460866360687,-154.70236972406374
6958.31982421875,7146.56005859375,6748.240234375,6753.1201171875,6753.1201171875,4682800000,25.0,-3.3260947200342343,167.85046798687867,-171.1765627069129
6746.85009765625,6746.85009765625,6226.22021484375,6305.7998046875,6305.7998046875,5064430000,23.0,-85.40716630836323,117.19894112783031,-202.60610743619355
6305.56005859375,6625.72998046875,6249.06982421875,6568.22998046875,6568.22998046875,4267040000,19.0,-127.8077962219877,68.1975936578667,-196.00538987985442
6571.419921875,6591.259765625,6124.52001953125,6184.7099609375,6184.7099609375,4528680000,21.0,-190.16535345342254,16.525004235608854,-206.6903576890314
6185.7900390625,6455.740234375,6109.02978515625,6295.72998046875,6295.72998046875,4047850000,18.0,-227.99756507153052,-32.37950962581902,-195.6180554457115
6283.64990234375,6409.85009765625,6237.5,6322.68994140625,6322.68994140625,5665250000,18.0,-252.88927170527313,-76.48146204170985,-176.40780966356328
6341.35986328125,6537.0498046875,6225.72021484375,6297.56982421875,6297.56982421875,4083980000,21.0,-271.51327603207665,-115.4878248397832,-156.02545119229345
6287.66015625,6287.93994140625,5971.0498046875,6199.7099609375,6199.7099609375,5301700000,16.0,-290.8170488458027,-150.5536696409871,-140.26337920481558
6221.419921875,6588.490234375,6221.419921875,6308.52001953125,6308.52001953125,4895450000,18.0,-293.946928298129,-179.23232137241547,-114.71460692571355
6294.22998046875,6473.5,6276.41015625,6334.72998046875,6334.72998046875,4328420000,21.0,-290.9584674147882,-201.57755058089003,-89.38091683389814
6340.91015625,6582.5,6324.97021484375,6580.6298828125,6580.6298828125,4992990000,19.0,-265.6853680466875,-214.39911407404955,-51.28625397263792
6583.43017578125,6617.35009765625,6353.72998046875,6423.759765625,6423.759765625,3984520000,24.0,-255.37060873852624,-222.5934130069449,-32.777195731581344
6422.56982421875,6537.97998046875,6361.5498046875,6506.06982421875,6506.06982421875,3311170000,27.0,-237.81299368062537,-225.637329141681,-12.175664538944375
6500.509765625,6536.919921875,6297.93017578125,6308.52978515625,6308.52978515625,3665100000,26.0,-237.10508763534017,-227.93088084041284,-9.17420679492733
6301.06982421875,6500.8701171875,6298.240234375,6488.759765625,6488.759765625,3377180000,19.0,-219.47108773186483,-226.23892221870327,6.767834486838439
6486.25,6816.7900390625,6310.10986328125,6376.7099609375,6376.7099609375,4668110000,21.0,-212.0926267827681,-223.40966313151625,11.317036348748161
6371.33984375,6546.5400390625,6371.33984375,6534.8798828125,6534.8798828125,3426180000,18.0,-191.27722769264528,-216.98317604374205,25.705948351096765
6551.52001953125,6719.9599609375,6498.64013671875,6719.9599609375,6719.9599609375,4097820000,19.0,-158.0248463591579,-205.19151010682523,47.16666374766734
6719.9501953125,6789.6298828125,6700.9599609375,6763.18994140625,6763.18994140625,3312600000,22.0,-126.72301244100709,-189.4978105736616,62.774798132654524
6754.64013671875,6774.75,6620.75,6707.259765625,6707.259765625,3295500000,19.0,-105.21631313792841,-172.64151108651498,67.42519794858657
6710.7998046875,6884.64013671875,6689.7099609375,6884.64013671875,6884.64013671875,4019000000,18.0,-73.01728763501251,-152.7166663962145,79.69937876120198
6891.080078125,7109.56005859375,6882.33984375,7096.27978515625,7096.27978515625,4659940000,19.0,-30.07509014187417,-128.18835114534645,98.11326100347227
7091.7099609375,7113.2998046875,6970.81982421875,7047.16015625,7047.16015625,4145880000,19.0,-0.006557202257681638,-102.55199235672869,102.54543515447101
7043.759765625,7072.68994140625,6834.68994140625,6978.22998046875,6978.22998046875,4463250000,22.0,18.052781445402616,-78.43103759630243,96.48381904170505
6973.97021484375,7057.169921875,6920.16015625,7037.580078125,7037.580078125,4495650000,17.0,36.730586963066344,-55.39871268442867,92.12929964749502
7044.81005859375,7242.2900390625,7038.0498046875,7193.25,7193.25,4116050000,21.0,63.36372651293823,-31.646224844955295,95.00995135789353
7189.580078125,7306.31005859375,7132.16015625,7272.72021484375,7272.72021484375,4329540000,18.0,89.84755695677904,-7.347468484608427,97.19502544138747
7279.02978515625,7317.93994140625,7208.14990234375,7260.06005859375,7260.06005859375,4087760000,19.0,108.56316598592275,15.83465840949781,92.72850757642495
7263.0,7388.259765625,7255.43994140625,7361.66015625,7361.66015625,4273640000,26.0,130.09405645157858,38.68653801791397,91.40751843366462
7361.4599609375,7388.43017578125,6792.830078125,6792.830078125,6792.830078125,5800460000,17.0,100.1036760092693,50.969965616185036,49.13371039308426
6755.14013671875,6755.14013671875,6404.72021484375,6529.169921875,6529.169921875,5523470000,14.0,54.43343754581656,51.66266000211134,2.770777543705222
6528.919921875,6555.2900390625,6396.8701171875,6467.06982421875,6467.06982421875,4264680000,17.0,13.077733665451888,43.94567473477945,-30.867941069327564
6460.169921875,6534.25,6197.52001953125,6225.97998046875,6225.97998046875,3835060000,18.0,-38.70473108315764,27.415593571192034,-66.12032465434967
6223.3798828125,6446.259765625,6201.22021484375,6300.85986328125,6300.85986328125,3671890000,13.0,-72.86063468083648,7.360347920786332,-80.22098260162281
6301.56982421875,6374.97998046875,6292.759765625,6329.7001953125,6329.7001953125,3714100000,15.0,-96.48998412175752,-13.409718487722438,-83.08026563403507
6331.8798828125,6398.919921875,6260.2099609375,6321.2001953125,6321.2001953125,3849910000,18.0,-114.58146890741591,-33.64406857166114,-80.93740033575477
6317.009765625,6363.8701171875,6265.08984375,6351.7998046875,6351.7998046875,4064230000,14.0,-125.00894291860277,-51.917043441049465,-73.09189947755331
6354.240234375,6535.41015625,6354.240234375,6517.31005859375,6517.31005859375,4210910000,20.0,-118.55091577338044,-65.24381790751566,-53.307097865864776
6515.41015625,6596.10009765625,6456.169921875,6512.7099609375,6512.7099609375,4076220000,23.0,-112.50715966610096,-74.69648625923273,-37.81067340686823
6509.39990234375,6561.72021484375,6493.5498046875,6543.2001953125,6543.2001953125,3216300000,24.0,-104.05762083229547,-80.56871317384528,-23.488907658450188
6536.68017578125,6544.330078125,6460.10009765625,6517.18017578125,6517.18017578125,3273730000,28.0,-98.32744101534081,-84.1204587421444,-14.206982273196417
6514.06005859375,6540.2099609375,6257.52001953125,6281.2001953125,6281.2001953125,3910780000,25.0,-111.54205708201061,-89.60477841011765,-21.93727867189297
6280.91015625,6384.18017578125,6265.7099609375,6371.2998046875,6371.2998046875,4180090000,21.0,-113.43682097804049,-94.37118692370221,-19.065634054338275
6371.85009765625,6448.4599609375,6208.33984375,6398.5400390625,6398.5400390625,4431340000,24.0,-111.45558515181801,-97.78806656932538,-13.667518582492633
6398.85009765625,6529.259765625,6395.9501953125,6519.669921875,6519.669921875,4348110000,24.0,-98.97040306757845,-98.024533868976,-0.9458691986024519
6513.8701171875,6794.330078125,6496.35986328125,6734.9501953125,6734.9501953125,6531940000,31.0,-70.88734226505221,-92.59709554819125,21.709753283139037
6735.0498046875,6814.56005859375,6616.7998046875,6721.97998046875,6721.97998046875,4509660000,35.0,-49.11177225328629,-83.90003088921026,34.78825863592397
6715.31982421875,6766.14990234375,6679.419921875,6710.6298828125,6710.6298828125,4197500000,38.0,-32.39688305706386,-73.59940132278098,41.20251826571712
6704.77001953125,6713.56005859375,6580.89990234375,6595.41015625,6595.41015625,4177310000,43.0,-28.123294118490776,-64.50417988192294,36.38088576343216
6603.64013671875,6603.64013671875,6381.85986328125,6446.47021484375,6446.47021484375,4726180000,37.0,-36.33579618342901,-58.87050314222415,22.53470695879514
6452.7900390625,6585.91015625,6397.89013671875,6495.0,6495.0,4437300000,37.0,-38.48468763285746,-54.79334004035081,16.308652407493355
6495.2900390625,6712.10009765625,6464.9501953125,6676.75,6676.75,4606810000,42.0,-25.231144607391798,-48.88090095375901,23.649756346367212
6678.75,6785.02978515625,6598.31982421875,6644.1298828125,6644.1298828125,5014430000,42.0,-17.16195478066038,-42.53711171913928,25.375156938478902
6643.10009765625,6643.10009765625,6511.64990234375,6601.9599609375,6601.9599609375,4363690000,37.0,-14.008344498683982,-36.831358275048224,22.823013776364242
6604.7099609375,6643.77978515625,6566.5400390625,6625.56005859375,6625.56005859375,4002280000,34.0,-9.495299085826446,-31.364146437203868,21.868847351377422
6619.85009765625,6653.2998046875,6549.080078125,6589.6201171875,6589.6201171875,4000970000,35.0,-8.718232631398678,-26.834963676042833,18.116731044644155
6593.240234375,6611.83984375,6537.89990234375,6556.10009765625,6556.10009765625,3979260000,33.0,-10.68402847579,-23.604776635992266,12.920748160202265
6553.85986328125,6571.4599609375,6454.02978515625,6502.58984375,6502.58984375,3887310000,36.0,-16.371050848096274,-22.15803147841307,5.786980630316794
6497.91015625,6603.31005859375,6497.91015625,6576.68994140625,6576.68994140625,3838410000,29.0,-14.72901157350043,-20.67222749743054,5.943215923930111
6574.14990234375,6623.6201171875,6557.41015625,6622.47998046875,6622.47998046875,3671500000,37.0,-9.621894933734438,-18.46216098469132,8.840266050956881
6622.4501953125,6628.5400390625,6577.7998046875,6588.31005859375,6588.31005859375,3259740000,34.0,-8.23674723239401,-16.41707823423186,8.18033100183785
6590.68017578125,6641.490234375,6557.0400390625,6602.9501953125,6602.9501953125,3306630000,29.0,-5.8897773323287765,-14.311618053851243,8.421840721522466
6600.18994140625,6675.06005859375,6576.0400390625,6652.22998046875,6652.22998046875,3979460000,26.0,-0.052712328844791045,-11.459836908849953,11.407124580005162
6653.080078125,6661.41015625,6606.93994140625,6642.64013671875,6642.64013671875,3580810000,31.0,3.756085677631745,-8.416652391553614,12.172738069185359
6640.2900390625,6640.2900390625,6538.9599609375,6585.52978515625,6585.52978515625,3787650000,28.0,2.1415707640153414,-6.305007760439823,8.446578524455164
6586.740234375,6586.740234375,6243.740234375,6256.240234375,6256.240234375,5181640000,19.0,-25.41588025072997,-10.127182258497854,-15.288697992232116
6239.25,6328.5,6236.47021484375,6274.580078125,6274.580078125,3783500000,13.0,-45.253828635493846,-17.15251153389705,-28.101317101596795
6278.080078125,6308.509765625,6259.81005859375,6285.990234375,6285.990234375,3064030000,15.0,-59.370455747368396,-25.596100376591323,-33.77435537077707
6288.490234375,6363.2099609375,6280.14990234375,6290.93017578125,6290.93017578125,3085320000,18.0,-69.35983544366718,-34.3488473900065,-35.01098805366068
6292.64013671875,6965.06005859375,6258.68017578125,6596.5400390625,6596.5400390625,7370770000,20.0,-52.01671265971618,-37.88242044394843,-14.134292215767744
6601.41015625,6673.58984375,6571.3701171875,6596.10986328125,6596.10986328125,4074800000,24.0,-37.870328915127175,-37.88000213818418,0.009673223057006908
6590.52001953125,6601.2099609375,6517.4501953125,6544.43017578125,6544.43017578125,4088420000,23.0,-30.478005281444894,-36.399602766836324,5.92159748539143
6542.330078125,6567.5400390625,6450.0400390625,6476.7099609375,6476.7099609375,3924080000,26.0,-29.741153416021916,-35.06791289667345,5.326759480651532
6478.06982421875,6493.68017578125,6445.31005859375,6465.41015625,6465.41015625,3578870000,24.0,-29.726326221134514,-33.99959556156566,4.273269340431149
6460.919921875,6497.72021484375,6449.0,6489.18994140625,6489.18994140625,3379130000,21.0,-27.478985002178888,-32.69547344968831,5.21648844750942
6490.08984375,6556.3798828125,6476.0,6482.35009765625,6482.35009765625,3253610000,21.0,-25.9507253149377,-31.346523822738188,5.395798507800489
6486.0498046875,6543.7998046875,6462.97998046875,6487.16015625,6487.16015625,3672860000,27.0,-24.073927719849962,-29.892004602160544,5.8180768823105815
6472.35986328125,6506.009765625,6451.27001953125,6475.740234375,6475.740234375,3716150000,24.0,-23.240146417773758,-28.561632965283188,5.32148654750943
6478.89013671875,6521.990234375,6468.85986328125,6495.83984375,6495.83984375,3424670000,23.0,-20.718666343010227,-26.993039640828595,6.274373297818368
6484.64990234375,6504.64990234375,6447.02978515625,6476.2900390625,6476.2900390625,3230550000,25.0,-20.066566187220815,-25.60774495010704,5.541178762886226
6468.43994140625,6498.2900390625,6449.60986328125,6474.75,6474.75,3306050000,29.0,-19.44983480875635,-24.376162921836904,4.9263281130805545
6480.83984375,6507.41015625,6453.52978515625,6480.3798828125,6480.3798828125,3393250000,33.0,-18.295882708862337,-23.160106879241994,4.864224170379657
6482.66015625,6502.27978515625,6447.91015625,6486.39013671875,6486.39013671875,3445190000,35.0,-16.703838641394213,-21.86885323167244,5.165014590278226
6492.35009765625,6503.60009765625,6306.990234375,6332.6298828125,6332.6298828125,4199910000,34.0,-27.531928773177242,-23.0014683399734,-4.530460433203842
6337.0400390625,6364.990234375,6310.14013671875,6334.27001953125,6334.27001953125,3781100000,31.0,-35.570883881503505,-25.51535144827942,-10.055532433224084
6336.990234375,6349.16015625,6316.8798828125,6317.60986328125,6317.60986328125,4191240000,32.0,-42.792859648637204,-28.970853088350978,-13.822006560286226
6318.14013671875,6547.14013671875,6311.830078125,6377.77978515625,6377.77978515625,3789400000,29.0,-43.16355504711919,-31.809393480104625,-11.354161567014565
6378.919921875,6396.85986328125,6327.3798828125,6388.43994140625,6388.43994140625,4234870000,36.0,-42.11171071490844,-33.86985692706539,-8.241853787843048
6387.240234375,6400.06982421875,6342.3701171875,6361.259765625,6361.259765625,3658640000,36.0,-42.975929768063,-35.691071495264914,-7.284858272798083
6365.47021484375,6388.6298828125,6294.56982421875,6376.1298828125,6376.1298828125,4390020000,41.0,-41.97705010793652,-36.948267217799234,-5.028782890137286
6363.6201171875,6480.58984375,6363.6201171875,6419.66015625,6419.66015625,4174800000,42.0,-37.2435806970625,-37.00732991365189,-0.23625078341061112
6433.3798828125,6463.5498046875,6408.16015625,6461.009765625,6461.009765625,4700040000,42.0,-29.812049434160144,-35.56827381775354,5.756224383593398
6468.5,6552.16015625,6468.31005859375,6530.14013671875,6530.14013671875,4941260000,48.0,-18.13521272287835,-32.08166159877851,13.94644887590016
6522.27001953125,6536.919921875,6438.52978515625,6453.72021484375,6453.72021484375,4665260000,51.0,-14.876200945117489,-28.64056946804631,13.76436852292882
6442.60009765625,6456.4599609375,6373.3701171875,6385.6201171875,6385.6201171875,4346820000,47.0,-17.5858012064009,-26.429615815717227,8.843814609316325
6386.1298828125,6437.27978515625,6385.31005859375,6409.22021484375,6409.22021484375,3705320000,52.0,-17.625670530197567,-24.668826758613296,7.043156228415729
6413.6298828125,6423.25,6350.169921875,6411.27001953125,6411.27001953125,3939060000,54.0,-17.292527654622063,-23.19356693781505,5.901039283192986
6411.759765625,6434.2099609375,6360.47021484375,6371.27001953125,6371.27001953125,4295770000,52.0,-20.025335627837194,-22.55992067581948,2.5345850479822865
6373.18994140625,6395.27001953125,6342.669921875,6359.490234375,6359.490234375,4503800000,56.0,-22.877913503898526,-22.62351924143529,-0.2543942624632365
6351.240234375,6371.5498046875,5544.08984375,5738.35009765625,5738.35009765625,7398940000,49.0,-74.40176276323291,-32.97916794579481,-41.422594817438096
5736.14990234375,5774.81982421875,5358.3798828125,5648.02978515625,5648.02978515625,7032140000,28.0,-121.12660676683481,-50.60865571000282,-70.51795105683199
5645.31982421875,5657.02001953125,5498.93994140625,5575.5498046875,5575.5498046875,5279320000,23.0,-162.135909123097,-72.91410639262166,-89.22180273047535
5578.580078125,5578.580078125,5519.56005859375,5554.330078125,5554.330078125,4303150000,24.0,-194.1107434684809,-97.15343380779352,-96.95730966068739
5559.740234375,5653.60986328125,5559.740234375,5623.5400390625,5623.5400390625,4159680000,26.0,-211.42914108915556,-120.00857526406594,-91.42056582508962
5620.77978515625,5620.77978515625,4842.91015625,4871.490234375,4871.490234375,7039560000,28.0,-282.58081434436554,-152.52302308012588,-130.05779126423965
4863.93017578125,4951.60986328125,4272.10986328125,4451.8701171875,4451.8701171875,8428290000,21.0,-368.5801025752926,-195.73443897915922,-172.84566359613336
4465.5400390625,4675.72998046875,4343.97998046875,4602.169921875,4602.169921875,6120120000,15.0,-419.768391241827,-240.54122943169278,-179.2271618101342
4611.56982421875,4629.64013671875,4365.64013671875,4365.93994140625,4365.93994140625,4569370000,14.0,-473.93404728585756,-287.21979300252576,-186.7142542833318
4360.7001953125,4396.419921875,4195.68017578125,4347.10986328125,4347.10986328125,4871490000,12.0,-512.4726837829085,-332.2703711586023,-180.20231262430616
4347.68994140625,4413.08984375,3795.159912109375,3880.760009765625,3880.760009765625,4679500000,15.0,-574.0283253783355,-380.62196200254897,-193.4063633757865
3880.780029296875,4120.8701171875,3585.06005859375,4009.969970703125,4009.969970703125,6825640000,9.0,-605.4066992557691,-425.578909453193,-179.82778980257615
4015.070068359375,4107.14013671875,3643.919921875,3779.1298828125,3779.1298828125,6476900000,17.0,-641.5062675754525,-468.7643810776449,-172.74188649780763
3765.949951171875,3862.9599609375,3661.010009765625,3820.719970703125,3820.719970703125,5998720000,11.0,-659.1610646030122,-506.8437177827184,-152.31734682029378
3822.469970703125,4385.89990234375,3822.469970703125,4257.419921875,4257.419921875,7280280000,14.0,-630.6449001909159,-531.6039542643579,-99.04094592655804
4269.00439453125,4413.0205078125,4145.76513671875,4278.8466796875,4278.8466796875,6503347767,18.0,-599.4070824335367,-545.1645798981937,-54.24250253534308
4289.0888671875,4322.9765625,3942.822021484375,4017.2685546875,4017.2685546875,6048016717,19.0,-588.9687898038692,-553.9254218793288,-35.04336792454035
4024.46435546875,4309.37744140625,3969.710693359375,4214.671875,4214.671875,5375314093,13.0,-558.3314718519496,-554.806631873853,-3.5248399780965656
4200.7333984375,4301.51953125,4110.978515625,4139.8779296875,4139.8779296875,5262697895,15.0,-533.9315919219325,-550.6316238834689,16.70003196153641
4147.32373046875,4155.9794921875,3840.4462890625,3894.130859375,3894.130859375,5089570994,17.0,-528.3339412675386,-546.172087360283,17.838146092744296
3886.294921875,4075.627685546875,3832.75,3956.893798828125,3956.893798828125,5028069239,12.0,-512.9206877070937,-539.5218074296452,26.601119722551402
3958.894775390625,3969.535888671875,3753.994873046875,3753.994873046875,3753.994873046875,5302481574,19.0,-511.18519608864426,-533.8544851614449,22.669289072800666
3754.074462890625,3874.966064453125,3521.101806640625,3521.101806640625,3521.101806640625,5878333109,13.0,-522.578372384789,-531.5992626061137,9.020890221324748
3512.59033203125,3512.59033203125,3280.228759765625,3419.937255859375,3419.937255859375,6835615448,11.0,-533.6194476377104,-532.003299612433,-1.6161480252774254
3421.910400390625,3506.04345703125,3350.650634765625,3476.11474609375,3476.11474609375,5305024497,11.0,-531.7073341831247,-531.9441065265714,0.23677234344677345
3473.2275390625,3685.3056640625,3469.09423828125,3614.234375,3614.234375,4947372847,14.0,-513.1318067013058,-528.1816465615184,15.049839860212614
3612.04638671875,3647.33251953125,3470.14453125,3502.656005859375,3502.656005859375,5020968740,19.0,-501.63151340111153,-522.8716199294371,21.240106528325555
3497.5546875,3513.18505859375,3392.25,3424.588134765625,3424.588134765625,4696765188,15.0,-493.13235009475056,-516.9237659624998,23.791415867749265
3421.458251953125,3534.228515625,3413.4814453125,3486.9501953125,3486.9501953125,4139364829,14.0,-475.87896831429225,-508.7148064328583,32.83583811856607
3487.87939453125,3489.739501953125,3298.132080078125,3313.67724609375,3313.67724609375,4343372456,14.0,-470.7605828876308,-501.12396172381284,30.36337883618205
3311.751953125,3329.555908203125,3206.542236328125,3242.48486328125,3242.48486328125,4372763663,10.0,-467.06482332884843,-494.31213404482,27.247310715971594
3243.99755859375,3275.3779296875,3191.303466796875,3236.76171875,3236.76171875,3551763561,11.0,-459.30315630575615,-487.3103384970073,28.00718219125116
3236.274658203125,3305.753173828125,3233.81982421875,3252.839111328125,3252.839111328125,3744248994,13.0,-446.7053271070072,-479.1893362190073,32.48400911200014
3253.123046875,3597.91796875,3253.123046875,3545.86474609375,3545.86474609375,5409247918,17.0,-408.3693096952652,-465.0253309142589,56.656021218993715
3544.761474609375,3701.349365234375,3487.169189453125,3696.05908203125,3696.05908203125,5911325473,23.0,-361.6988725634701,-444.3600392441012,82.66116668063108
3706.824951171875,3949.322998046875,3687.22998046875,3745.95068359375,3745.95068359375,6810689119,21.0,-317.0318339730211,-418.89439818988524,101.86256421686414
3742.195068359375,4191.228515625,3728.974609375,4134.44140625,4134.44140625,8927129279,27.0,-247.43267960652338,-384.6020544732129,137.1693748666895
4133.70361328125,4198.4296875,3850.9462890625,3896.543701171875,3896.543701171875,7206015706,35.0,-209.06127668052522,-349.4938989146754,140.4326222341502
3898.083740234375,4014.1826171875,3855.739013671875,4014.1826171875,4014.1826171875,5605823233,28.0,-167.2314460257985,-313.0414083369,145.80996231110151
4020.99462890625,4085.7236328125,3976.40576171875,3998.980224609375,3998.980224609375,6151275490,31.0,-133.7657416897141,-277.1862750074628,143.42053331774872
4000.331787109375,4271.79248046875,4000.331787109375,4078.59912109375,4078.59912109375,7240968501,25.0,-99.67041188702296,-241.68310238337486,142.0126904963519
4081.030517578125,4089.5615234375,3760.0205078125,3815.49072265625,3815.49072265625,6158207293,33.0,-92.81040565614512,-211.90856303792893,119.0981573817838
3819.666748046875,3893.359619140625,3769.86376953125,3857.297607421875,3857.297607421875,5326547918,26.0,-83.0430663126881,-186.1354636928808,103.0923973801927
3854.6884765625,3874.4169921875,3645.448486328125,3654.83349609375,3654.83349609375,5130222366,29.0,-90.5952159778908,-167.02741414988282,76.43219817199201
3653.1318359375,3956.135986328125,3642.632080078125,3923.918701171875,3923.918701171875,5631554348,21.0,-74.01423179507492,-148.42477767892123,74.41054588384631
3932.49169921875,3963.7587890625,3820.40869140625,3820.40869140625,3820.40869140625,4991655917,24.0,-68.43717394887199,-132.42725693291138,63.99008298403939
3822.384765625,3901.908935546875,3797.21923828125,3865.95263671875,3865.95263671875,4770578575,23.0,-59.654638130492,-117.8727331724275,58.2180950419355
3866.839111328125,3868.742919921875,3725.867431640625,3742.700439453125,3742.700439453125,4661840806,26.0,-61.92599317568056,-106.68338517307811,44.75739199739755
3746.71337890625,3850.913818359375,3707.231201171875,3843.52001953125,3843.52001953125,4324200990,24.0,-54.95724794074249,-96.33815772661099,41.380909785868496
3849.21630859375,3947.981201171875,3817.409423828125,3943.409423828125,3943.409423828125,5244856836,30.0,-40.90272585617322,-85.25107135252344,44.34834549635022
3931.048583984375,3935.68505859375,3826.222900390625,3836.7412109375,3836.7412109375,4530215219,33.0,-37.9343654124591,-75.78773016451058,37.853364752051476
3832.0400390625,3865.9345703125,3783.853759765625,3857.717529296875,3857.717529296875,4847965467,48.0,-33.50310188615276,-67.33080450883902,33.82770262268626
3851.973876953125,3904.903076171875,3836.900146484375,3845.194580078125,3845.194580078125,5137609824,36.0,-30.648494196255797,-59.994342446322385,29.345848250066588
3836.51904296875,4093.29736328125,3826.51318359375,4076.632568359375,4076.632568359375,5597027440,31.0,-9.600417947305232,-49.915557546518954,40.31513959921372
4078.5849609375,4092.613525390625,4020.89404296875,4025.248291015625,4025.248291015625,5228625637,39.0,2.9006158835372844,-39.352322860507705,42.25293874404499
4028.47216796875,4109.02099609375,3996.955322265625,4030.847900390625,4030.847900390625,5306593305,39.0,13.108510192504582,-28.86015624990525,41.96866644240983
4031.552001953125,4068.403564453125,4022.662841796875,4035.29638671875,4035.29638671875,5115905225,42.0,21.31162845855397,-18.825799308213405,40.137427766767374
4034.411376953125,4064.066650390625,3659.174560546875,3678.924560546875,3678.924560546875,6874143796,37.0,-0.9328163376935663,-15.247202714109438,14.314386376415872
3674.015380859375,3713.8818359375,3653.06982421875,3687.365478515625,3687.365478515625,5538712865,19.0,-17.676820185250108,-15.733126208337572,-1.9436939769125363
3686.97314453125,3698.978271484375,3653.810791015625,3661.301025390625,3661.301025390625,4778170883,22.0,-32.673112107862835,-19.121123388242626,-13.551988719620208
3658.8681640625,3674.760009765625,3544.92724609375,3552.953125,3552.953125,4681302466,21.0,-52.693137866337565,-25.835526283861615,-26.85761158247595
3557.31103515625,3727.836181640625,3552.28515625,3706.05224609375,3706.05224609375,5651384490,16.0,-55.56481633212161,-31.781384293513618,-23.78343203860799
3704.21630859375,3720.1533203125,3619.94921875,3630.67529296875,3630.67529296875,5537192302,27.0,-63.19446590551797,-38.064000615914495,-25.130465289603478
3631.509765625,3685.777099609375,3624.67333984375,3655.0068359375,3655.0068359375,5394457145,24.0,-66.51096894237526,-43.75339428120665,-22.757574661168604
3651.87109375,3680.135986328125,3621.9609375,3678.56396484375,3678.56396484375,5464420383,28.0,-66.4722078312393,-48.297156991213186,-18.175050840026117
3677.990478515625,3682.52001953125,3637.080810546875,3657.83935546875,3657.83935546875,5002961727,29.0,-67.33756659366873,-52.1052389117043,-15.232327681964428
3652.3779296875,3758.533447265625,3652.3779296875,3728.568359375,3728.568359375,5955691380,31.0,-61.60597480996057,-54.005386091355554,-7.600588718605017
3725.446044921875,3743.387939453125,3583.01953125,3601.013671875,3601.013671875,5582489560,35.0,-66.58865176221161,-56.52203922552677,-10.066612536684843
3600.372802734375,3608.8408203125,3558.537109375,3576.032470703125,3576.032470703125,5004347059,30.0,-71.72641582954157,-59.56291454632973,-12.163501283211836
3575.081298828125,3620.74658203125,3539.721435546875,3604.5771484375,3604.5771484375,5313623556,27.0,-72.6572661960231,-62.18178487626841,-10.475481319754692
3605.55712890625,3623.06787109375,3565.31396484375,3585.123046875,3585.123046875,5433755649,33.0,-74.1104560243657,-64.56751910588787,-9.542936918477835
3584.500244140625,3616.08740234375,3569.0927734375,3600.865478515625,3600.865478515625,5262869046,37.0,-73.14862494960607,-66.28374027463151,-6.864884674974562
3607.390380859375,3612.927734375,3575.597412109375,3599.765869140625,3599.765869140625,5265847539,35.0,-71.64916915798995,-67.3568260513032,-4.292343106686744
3599.71533203125,3654.93310546875,3593.345947265625,3602.46044921875,3602.46044921875,5098183235,41.0,-69.44291485168242,-67.77404381137904,-1.6688710403033724
3604.687255859375,3612.67138671875,3567.245849609375,3583.9658203125,3583.9658203125,5570752966,39.0,-68.39835079394379,-67.898905207892,-0.4994455860517917
3584.283203125,3586.7509765625,3439.23291015625,3470.450439453125,3470.450439453125,6908930483,35.0,-75.85584978257202,-69.490294122828,-6.365555659744018
3468.8701171875,3476.0654296875,3400.81982421875,3448.116943359375,3448.116943359375,5897159493,21.0,-82.6157549488612,-72.11538628803464,-10.500368660826553
3443.89697265625,3495.1748046875,3429.387939453125,3486.181640625,3486.181640625,5955112627,22.0,-83.93398679358097,-74.47910638914391,-9.454880404437063
3485.4091796875,3504.804931640625,3447.915771484375,3457.792724609375,3457.792724609375,5831198271,17.0,-86.27491972395455,-76.83826905610604,-9.436650667848511
3460.547119140625,3501.9541015625,3431.591552734375,3487.9453125,3487.9453125,5422926707,23.0,-84.72045937073335,-78.4147071190315,-6.305752251701847
3484.6259765625,3523.287353515625,3467.57470703125,3521.060791015625,3521.060791015625,5071623601,22.0,-79.89541141330801,-78.71084797788681,-1.1845634354211967
3516.1396484375,3521.38818359375,3447.92431640625,3464.013427734375,3464.013427734375,5043937584,19.0,-79.75540098006013,-78.91975857832148,-0.835642401738653
3467.211669921875,3476.223876953125,3442.5869140625,3459.154052734375,3459.154052734375,5332718886,27.0,-79.12445518785626,-78.96069790022844,-0.16375728762781705
3454.950927734375,3478.148193359375,3451.93701171875,3466.357421875,3466.357421875,5227549545,21.0,-77.15379350824105,-78.59931702183097,1.4455235135899187
3469.091796875,3469.091796875,3398.5654296875,3413.767822265625,3413.767822265625,5482196038,14.0,-78.9257640299943,-78.66460642346364,-0.26115760653065934
3414.929443359375,3427.945556640625,3394.218505859375,3399.4716796875,3399.4716796875,5004962683,18.0,-80.555054142671,-79.04269596730512,-1.5123581753658755
3401.37646484375,3695.614013671875,3391.023681640625,3666.7802734375,3666.7802734375,7735623101,37.0,-59.58979471080647,-75.1521157160054,15.562321005198925
3671.5859375,3679.94140625,3646.559326171875,3671.20361328125,3671.20361328125,6158833645,42.0,-42.13207665316804,-68.54810790343792,26.41603125026988
3673.201416015625,3695.0361328125,3640.97998046875,3690.188232421875,3690.188232421875,6282256903,40.0,-26.459797142054867,-60.13044575116132,33.67064860910645
3695.613037109375,3695.613037109375,3642.287841796875,3648.4306640625,3648.4306640625,6277056434,46.0,-17.210497597718586,-51.546456120472776,34.33595852275419
3642.751953125,3668.5869140625,3618.556884765625,3653.528564453125,3653.528564453125,6480384532,38.0,-9.361094247232359,-43.109383745824694,33.748289498592335
3653.60400390625,3669.74658203125,3617.246337890625,3632.070556640625,3632.070556640625,6438903823,48.0,-4.816347581640912,-35.450776512987936,30.634428931347024
3631.170166015625,3646.256591796875,3607.69775390625,3616.880859375,3616.880859375,6271044418,48.0,-2.412475217177416,-28.843116253825833,26.430641036648417
3617.368408203125,3647.795166015625,3608.20654296875,3620.810791015625,3620.810791015625,6091952231,43.0,-0.18810801765130236,-23.11211460659093,22.924006588939626
3615.270263671875,3652.84130859375,3615.270263671875,3629.78759765625,3629.78759765625,5934744052,43.0,2.2728720332825105,-18.03511727861624,20.30798931189875
3633.359375,3680.537353515625,3619.18212890625,3673.836181640625,3673.836181640625,7039512503,38.0,7.688935786662569,-12.89030666556048,20.57924245222305
3671.369873046875,3936.6650390625,3669.982421875,3915.71435546875,3915.71435546875,9908216640,63.0,31.139792357090755,-4.0842868610302325,35.22407921812099
3911.66162109375,4010.87939453125,3908.153076171875,3947.094482421875,3947.094482421875,9933626655,65.0,51.66135914377719,7.064842339931252,44.59651680384594
3946.68505859375,4000.486328125,3926.246826171875,3999.820556640625,3999.820556640625,8693373948,59.0,71.35684492123755,19.923242856192513,51.43360206504504
4000.2568359375,4010.009521484375,3940.108154296875,3954.1181640625,3954.1181640625,7775128102,59.0,82.32882274724625,32.40435883440326,49.92446391284299
3952.406494140625,4006.538330078125,3950.81640625,4005.526611328125,4005.526611328125,7826525254,61.0,94.0878402247422,44.74105511247105,49.34678511227114
3998.916259765625,4166.2861328125,3968.726806640625,4142.52685546875,4142.52685546875,8922258316,63.0,113.15731396078127,58.4243068821331,54.733007078648164
4145.4580078125,4210.6416015625,3793.708984375,3810.427490234375,3810.427490234375,10794227451,69.0,100.31598574142299,66.80264265399109,33.513343087431906
3807.00244140625,3913.707275390625,3807.00244140625,3882.6962890625,3882.6962890625,9318796067,47.0,94.87694632232933,72.41750338765874,22.45944293467059
3878.697265625,3891.578857421875,3837.986328125,3854.35791015625,3854.35791015625,7931218996,40.0,87.27376046787094,75.38875480370119,11.885005664169753
3857.479736328125,3888.802490234375,3787.058837890625,3851.04736328125,3851.04736328125,8301309684,39.0,80.05818649537059,76.32264114203508,3.7355453533355103
3848.261962890625,3906.058349609375,3845.8212890625,3854.785400390625,3854.785400390625,8399767798,39.0,73.79080601287296,75.81627411620266,-2.0254681033297004
3853.757080078125,3907.79541015625,3851.6923828125,3859.583740234375,3859.583740234375,7661247975,42.0,68.42231786155298,74.33748286527273,-5.91516500371975
3855.318115234375,3874.607421875,3832.1279296875,3864.4150390625,3864.4150390625,7578786076,41.0,63.821898642545875,72.23436602072736,-8.41246737818149
3862.26611328125,3875.483642578125,3836.90576171875,3847.17578125,3847.17578125,7253558152,44.0,58.115055056940946,69.41050382797009,-11.295448771029143
3845.091552734375,3867.3818359375,3733.749755859375,3761.55712890625,3761.55712890625,9029175788,36.0,46.151623513082995,64.75872776499267,-18.607104251909675
3759.83251953125,3903.916748046875,3745.18310546875,3896.375,3896.375,10174126415,35.0,47.00732215129301,61.20844664225274,-14.201124490959728
3897.0810546875,3919.510498046875,3871.460693359375,3903.942626953125,3903.942626953125,9175291529,42.0,47.74573067434176,58.51590344867054,-10.770172774328785
3903.384765625,3939.373291015625,3894.113037109375,3911.484375,3911.484375,9584165519,56.0,48.38176590640251,56.48907594021694,-8.107310033814436
3913.225830078125,3950.43212890625,3875.228515625,3901.131591796875,3901.131591796875,10638638944,54.0,47.50286190498946,54.69183313317145,-7.188971228181991
3894.552490234375,3987.23779296875,3892.390380859375,3963.313720703125,3963.313720703125,10796103518,55.0,51.23331649577676,54.00012980569252,-2.7668133099157544
3966.17431640625,3966.17431640625,3924.381103515625,3951.599853515625,3951.599853515625,9713267607,55.0,52.637742322652684,53.727652309084554,-1.08990998643187
3953.740234375,3966.384765625,3889.239013671875,3905.227294921875,3905.227294921875,10125901903,56.0,49.43898019295284,52.869917885858214,-3.430937692905374
3903.75830078125,3926.88916015625,3863.55908203125,3909.15625,3909.15625,9809887079,56.0,46.68284126346043,51.632502561378665,-4.949661297918233
3913.04736328125,3926.59765625,3891.904296875,3906.71728515625,3906.71728515625,9469184841,54.0,43.79691366719453,50.06538478254184,-6.26847111534731
3905.576904296875,3946.50439453125,3901.296875,3924.369140625,3924.369140625,10480789570,55.0,42.44487437797261,48.541282701628,-6.096408323655389
3926.663330078125,3968.54296875,3914.015380859375,3960.9111328125,3960.9111328125,9394210605,55.0,43.81691278025801,47.596408717354,-3.7794959370959944
3963.900146484375,4077.036376953125,3961.657470703125,4048.725830078125,4048.725830078125,9856166973,54.0,51.39769464050005,48.35666590198321,3.041028738516836
4047.719482421875,4054.1220703125,4006.4111328125,4025.22900390625,4025.22900390625,8221625400,58.0,54.87693424218605,49.66071957002379,5.216214672162266
4029.968505859375,4071.556640625,4009.1171875,4032.50732421875,4032.50732421875,9646954186,56.0,57.55806279559056,51.240188215137145,6.317874580453413
4032.69189453125,4082.216064453125,4023.8125,4071.190185546875,4071.190185546875,9344919956,56.0,62.08854204969748,53.409858982049215,8.678683067648265
4070.7939453125,4089.4619140625,4031.11083984375,4087.476318359375,4087.476318359375,10175916388,55.0,66.22967978596671,55.973823142832714,10.255856643133995
4083.953857421875,4097.35986328125,4005.1513671875,4029.326904296875,4029.326904296875,10831212662,62.0,64.08070703548265,57.595199921362706,6.48550711411994
4028.5146484375,4053.90673828125,4021.54248046875,4023.96826171875,4023.96826171875,9252935969,56.0,61.23930439527658,58.324020816145485,2.915283579131092
4022.71337890625,4049.882568359375,4015.964599609375,4035.826416015625,4035.826416015625,9578850549,50.0,59.26120005531811,58.51145666398001,0.7497433913381002
4035.16357421875,4040.69970703125,4006.19287109375,4022.168212890625,4022.168212890625,9144851065,44.0,55.9465186273701,57.99846905665803,-2.0519504292879347
4024.11279296875,4038.8408203125,3934.03125,3963.070556640625,3963.070556640625,10359818883,46.0,47.99763588607311,55.99830242254105,-8.00066653646794
3969.228759765625,3985.080810546875,3944.753173828125,3985.080810546875,3985.080810546875,10707678815,43.0,42.978700877451956,53.394382113523235,-10.41568123607128
3984.244873046875,4087.066162109375,3977.810546875,4087.066162109375,4087.066162109375,10897131934,44.0,46.69228467480116,52.05396262577882,-5.361677950977665
4087.58447265625,4094.902099609375,4040.266357421875,4069.107177734375,4069.107177734375,9353915899,49.0,47.63705630748382,51.170581362119826,-3.5335250546360086
4068.2998046875,4113.5009765625,4034.09716796875,4098.37451171875,4098.37451171875,10918665557,50.0,50.169105667370786,50.97028622317002,-0.8011805557992346
4092.13623046875,4296.806640625,4053.90966796875,4106.66015625,4106.66015625,9732688060,57.0,52.24214042000449,51.22465706253692,1.0174833574675688
4105.4560546875,4113.0234375,4094.100830078125,4105.404296875,4105.404296875,9045122443,56.0,53.17077840517322,51.61388133106418,1.5568970741090453
4105.3623046875,4164.953125,4096.9013671875,4158.18310546875,4158.18310546875,10157794171,62.0,57.502684310944005,52.791641927040146,4.711042383903859
4156.91943359375,4905.95458984375,4155.31689453125,4879.8779296875,4879.8779296875,21315047816,60.0,117.81242352737809,65.79579824710774,52.01662528027035
4879.9580078125,5307.00341796875,4876.62109375,4973.02197265625,4973.02197265625,22899891582,71.0,171.15134601608133,86.86690780090245,84.28443821517888
4971.3076171875,5063.15966796875,4836.7939453125,4922.798828125,4922.798828125,18251810240,61.0,206.98425272107852,110.89037678493767,96.09387593614085
4922.80615234375,5053.509765625,4919.49169921875,5036.68115234375,5036.68115234375,16837325387,59.0,241.7843023253945,137.06916189302905,104.71514043236544
5036.79296875,5205.82177734375,4992.22216796875,5059.8173828125,5059.8173828125,16929795194,65.0,268.1395470120342,163.2832389168301,104.8563080952041
5062.7939453125,5235.1865234375,5050.412109375,5198.89697265625,5198.89697265625,16655416140,69.0,296.82718979380843,189.99202909222578,106.83516070158265
5199.83544921875,5318.83642578125,5148.2119140625,5289.77099609375,5289.77099609375,17154113634,65.0,323.1698270076613,216.6275886753129,106.5422383323484
5289.91796875,5289.91796875,5167.4189453125,5204.95849609375,5204.95849609375,14722104361,64.0,333.3601287905076,239.97409669835184,93.38603209215574
5204.10546875,5421.6513671875,5193.38232421875,5324.5517578125,5324.5517578125,15504590933,62.0,347.0852108510362,261.39631952888874,85.68889132214747
5325.08154296875,5354.2255859375,5017.29638671875,5064.48779296875,5064.48779296875,16555616019,65.0,333.13724990407354,275.74450560392575,57.3927443001478
5061.20068359375,5103.2744140625,4955.8525390625,5089.5390625,5089.5390625,13675206312,42.0,320.41131624835907,284.67786773281244,35.73344851554663
5088.85009765625,5127.1220703125,5061.58935546875,5096.58642578125,5096.58642578125,10823289598,62.0,307.3516272214647,289.2126196305429,18.13900759092178
5095.7587890625,5184.01611328125,5053.568359375,5167.72216796875,5167.72216796875,10391952498,51.0,299.29174058319677,291.2284438210737,8.06329676212306
5167.32177734375,5196.60693359375,5024.0693359375,5067.1083984375,5067.1083984375,12290155061,60.0,281.5401128489193,289.29077762664286,-7.750664777723557
5066.57763671875,5238.9453125,5055.19482421875,5235.5595703125,5235.5595703125,11618660197,50.0,277.86140838788833,287.00490377889196,-9.143495391003626
5236.13525390625,5274.275390625,5219.20556640625,5251.93798828125,5251.93798828125,12438480677,61.0,273.1192612163495,284.22777526638345,-11.108514050033932
5251.48046875,5319.986328125,5250.5068359375,5298.3857421875,5298.3857421875,13256489918,64.0,269.9966674623229,281.3815537055713,-11.384886243248445
5298.154296875,5336.68017578125,5233.3349609375,5303.8125,5303.8125,13780238655,61.0,264.906209532247,278.0864848709065,-13.180275338659499
5304.16064453125,5358.49072265625,5295.8779296875,5337.88623046875,5337.88623046875,13169647522,62.0,260.61721717961154,274.5926313326475,-13.975414153035956
5335.87890625,5359.9248046875,5257.33935546875,5314.53125,5314.53125,13731844223,62.0,252.42382339380492,270.158869744879,-17.73504635107406
5312.49462890625,5422.6875,5280.27685546875,5399.365234375,5399.365234375,14601631648,61.0,249.895256379069,266.106147071717,-16.21089069264798
5399.36572265625,5633.80224609375,5389.40869140625,5572.3623046875,5572.3623046875,15867308108,68.0,258.86671225992814,264.6582601093592,-5.791547849431083
5571.50830078125,5642.04443359375,5418.26318359375,5464.86669921875,5464.86669921875,17048033399,65.0,254.37043466753858,262.6006950209951,-8.230260353456515
5466.5244140625,5542.23828125,5181.3388671875,5210.515625,5210.515625,15330283408,58.0,227.6587875031455,255.6123135174252,-27.953526014279703
5210.3046875,5383.63427734375,5177.36865234375,5279.34814453125,5279.34814453125,16812108040,41.0,209.62736991526708,246.4153247969936,-36.787954881726506
5279.47119140625,5310.75,5233.6357421875,5268.291015625,5268.291015625,13111274675,42.0,192.2292248277945,235.5781048031538,-43.348879975359296
5271.74658203125,5326.23193359375,5255.68359375,5285.13916015625,5285.13916015625,12819992056,40.0,177.75156456713557,224.01279675595018,-46.2612321888146
5284.8583984375,5311.27490234375,5216.48779296875,5247.3525390625,5247.3525390625,13735490672,42.0,161.3686921438457,211.4839758335293,-50.11528368968362
5247.72607421875,5363.25732421875,5224.18994140625,5350.7265625,5350.7265625,13878964574,42.0,154.94050972581135,200.17528261198572,-45.23477288617437
5350.91455078125,5418.00390625,5347.64599609375,5402.697265625,5402.697265625,13679528236,51.0,152.28429173047516,190.59708443568363,-38.312792705208466
5402.4228515625,5522.2626953125,5394.21728515625,5505.28369140625,5505.28369140625,14644460907,50.0,156.65130827245775,183.80792920303847,-27.156620930580715
5505.55224609375,5865.8818359375,5490.20166015625,5768.28955078125,5768.28955078125,18720780006,63.0,179.26808427945434,182.89996021832164,-3.631875938867296
5769.20263671875,5886.8935546875,5645.46923828125,5831.16748046875,5831.16748046875,17567780766,66.0,199.96074267277618,186.31211670921255,13.648625963563632
5831.068359375,5833.86279296875,5708.03515625,5795.70849609375,5795.70849609375,14808830723,67.0,211.06554758722814,191.2628028848157,19.80274470241244
5791.693359375,5802.95751953125,5653.6875,5746.80712890625,5746.80712890625,15737171804,57.0,213.45962416806924,195.70216714146642,17.75745702660282
5745.59912109375,5988.17822265625,5741.39599609375,5829.50146484375,5829.50146484375,18026409033,69.0,219.4994360464416,200.46162092246146,19.037815123980124
5849.4814453125,5989.98095703125,5794.7158203125,5982.45751953125,5982.45751953125,15320605300,63.0,233.9316869114473,207.15563412025864,26.776052791188647
5982.31640625,6183.0390625,5982.31640625,6174.52880859375,6174.52880859375,16784645411,69.0,257.8950439883147,217.30351609386986,40.59152789444482
6175.82275390625,6434.61767578125,6161.51904296875,6378.84912109375,6378.84912109375,19419875368,71.0,290.02983535636395,231.84877994636867,58.18105540999528
6379.6669921875,7333.0029296875,6375.69873046875,7204.771484375,7204.771484375,28867562329,76.0,377.7870275405903,261.036429465213,116.7505980753773
7203.50732421875,7503.8720703125,6815.77099609375,6972.37158203125,6972.37158203125,27773333680,75.0,423.698373622854,293.56881829674126,130.12955532611272
6971.17822265625,8047.4130859375,6898.2822265625,7814.9150390625,7814.9150390625,28677672181,78.0,522.0517738365461,339.26540940470227,182.78636443184382
7807.88427734375,8268.712890625,7696.39111328125,7994.416015625,7994.416015625,32031452227,78.0,607.4791393840369,392.90815540056917,214.57098398346773
7989.37451171875,8216.423828125,7899.10693359375,8205.16796875,8205.16796875,28344112920,77.0,684.2986939581788,451.18626311209107,233.1124308460877
8194.5009765625,8320.82421875,7729.6083984375,7884.9091796875,7884.9091796875,33167197581,75.0,711.1389692809898,503.1768043458709,207.96216493511895
7886.92578125,7929.1455078125,7038.12451171875,7343.8955078125,7343.8955078125,30066644905,65.0,680.9057414295621,538.7225917626091,142.183149666953
7341.66455078125,7447.27197265625,7251.50439453125,7271.2080078125,7271.2080078125,21354286562,67.0,643.6606969142895,559.7102127929452,83.95048412134429
7267.962890625,8261.94140625,7267.962890625,8197.689453125,8197.689453125,25902422040,70.0,681.0522936077168,583.9786289558995,97.07366465181735
8196.923828125,8200.9677734375,7678.78173828125,7978.30908203125,7978.30908203125,23843404340,73.0,685.0859959599575,604.2001023567111,80.88589360324636
7977.96923828125,8062.16796875,7843.33984375,7963.32763671875,7963.32763671875,25127245056,68.0,679.24395520291,619.2088729259509,60.03508227695909
7956.2919921875,7997.6123046875,7615.9873046875,7680.06640625,7680.06640625,24719473175,69.0,644.3298484162297,624.2330680240067,20.096780392222968
7677.26904296875,7943.79150390625,7533.19677734375,7881.8466796875,7881.8466796875,24457107820,65.0,625.7291330209246,624.5322810233903,1.1968519975342815
7881.6953125,8140.7197265625,7824.44873046875,7987.37158203125,7987.37158203125,25919126991,64.0,612.4430475503623,622.1144343287847,-9.671386778422402
7991.88525390625,8117.92578125,7965.97607421875,8052.5439453125,8052.5439453125,22256813107,69.0,600.253248340302,617.7421971310881,-17.48894879078614
8055.2060546875,8687.5205078125,7924.67041015625,8673.2158203125,8673.2158203125,26677970091,67.0,633.3746293199947,620.8686835688694,12.505945751125296
8674.072265625,8907.1748046875,8668.705078125,8805.7783203125,8805.7783203125,27949839564,70.0,662.6812710639706,629.2312010678897,33.450069996080856
8802.7578125,8807.0166015625,8634.7216796875,8719.9619140625,8719.9619140625,24226919267,71.0,671.2446386432803,637.6338885829679,33.6107500603124
8718.591796875,8755.8525390625,8482.728515625,8659.4873046875,8659.4873046875,23473479966,71.0,665.4801328519306,643.2031374367605,22.276995415170177
8661.7607421875,9008.314453125,8221.2734375,8319.47265625,8319.47265625,29246528551,73.0,626.2562873240722,639.8137674142229,-13.557480090150648
8320.2861328125,8586.6591796875,8172.55078125,8574.501953125,8574.501953125,25365190957,61.0,608.7327478455618,633.5975635004907,-24.86481565492886
8573.83984375,8625.6005859375,8481.578125,8564.0166015625,8564.0166015625,22488303544,62.0,587.2299153905105,624.3240338784947,-37.09411848798413
8565.4736328125,8809.3037109375,8561.2353515625,8742.9580078125,8742.9580078125,20266216022,63.0,577.9654162118768,615.0523103451711,-37.08689413329432
8741.7470703125,8743.5,8204.185546875,8208.9951171875,8208.9951171875,22004511436,66.0,521.5250746834663,596.3468632128302,-74.82178852936386
8210.9853515625,8210.9853515625,7564.48876953125,7707.77099609375,7707.77099609375,24609731549,42.0,431.37843761887416,563.353178094039,-131.97474047516482
7704.34326171875,7901.84912109375,7668.66845703125,7824.2314453125,7824.2314453125,21760923463,27.0,365.1250291712586,523.707548309483,-158.58251913822437
7819.63330078125,7937.3408203125,7571.47119140625,7822.0234375,7822.0234375,19474611077,34.0,308.8799817110612,480.74203498979864,-171.86205327873745
7826.9013671875,8126.1533203125,7788.37353515625,8043.951171875,8043.951171875,19141423231,27.0,278.99698622416963,440.3930252366729,-161.39603901250325
8036.77490234375,8076.89111328125,7837.61083984375,7954.1279296875,7954.1279296875,16522722810,62.0,245.2395432468429,401.3623288387069,-156.122785591864
7949.6748046875,7975.97412109375,7583.2197265625,7688.0771484375,7688.0771484375,16610726547,62.0,194.77322738714975,360.04450854839547,-165.27128116124572
7692.28466796875,8031.90966796875,7586.73095703125,8000.32958984375,8000.32958984375,18689275117,46.0,177.92347977578538,323.62030279387346,-145.69682301808808
8004.24365234375,8026.39404296875,7772.8037109375,7927.71435546875,7927.71435546875,17107279932,61.0,156.9018242922275,290.27660709354427,-133.37478280131677
7925.43408203125,8196.6484375,7862.35986328125,8145.857421875,8145.857421875,19034432883,60.0,156.0455374096855,263.43039315677254,-107.38485574708704
8145.54541015625,8311.5673828125,8087.06103515625,8230.923828125,8230.923828125,18669407147,63.0,160.38228479618738,242.82077148465552,-82.43848668846815
8230.8984375,8710.63671875,8183.39306640625,8693.8330078125,8693.8330078125,19831162906,67.0,198.87953101656785,234.032523391038,-35.15299237447016
8689.74609375,8859.1279296875,8618.3955078125,8838.375,8838.375,18371033226,75.0,238.3051730900379,234.887053330838,3.4181197591998966
8841.4404296875,9335.8671875,8814.556640625,8994.48828125,8994.48828125,23348550311,80.0,278.93196155968144,243.69603497660668,35.23592658307476
8988.923828125,9416.4072265625,8988.923828125,9320.3525390625,9320.3525390625,15562951919,84.0,333.57822424248025,261.67247282978144,71.9057514126988
9335.466796875,9348.3740234375,9004.9013671875,9081.7626953125,9081.7626953125,15848210536,83.0,353.5579784185484,280.04957394753484,73.50840447101353
9078.7275390625,9299.62109375,9070.3955078125,9273.521484375,9273.521484375,15546809946,82.0,380.47947864217895,300.1355548864637,80.34392375571525
9273.060546875,9594.419921875,9232.484375,9527.16015625,9527.16015625,17846823784,81.0,417.4691580137751,323.602275511926,93.86688250184909
9525.07421875,10144.556640625,9525.07421875,10144.556640625,10144.556640625,20624008643,84.0,490.9431943603104,357.0704592816029,133.87273507870748
10175.923828125,11157.345703125,10107.03515625,10701.69140625,10701.69140625,29995204861,83.0,587.3573272815502,403.1278328815924,184.2294943999578
10696.69140625,11246.14453125,10556.095703125,10855.37109375,10855.37109375,20998326502,84.0,668.4612831055256,456.194522926379,212.26676017914656
10853.744140625,11065.896484375,10610.427734375,11011.1025390625,11011.1025390625,19271652365,80.0,736.8094973161278,512.3175178043288,224.49197951179906
11007.2021484375,11790.9169921875,11007.2021484375,11790.9169921875,11790.9169921875,24879684533,87.0,844.169399327955,578.687894109054,265.481505218901
11778.5810546875,13796.4892578125,11755.59765625,13016.2314453125,13016.2314453125,45105733173,95.0,1016.4090008762159,666.2321154624865,350.17688541372945
13017.125,13311.14453125,10491.8525390625,11182.806640625,11182.806640625,39977475223,92.0,993.5154393121629,731.6887802324218,261.82665907974115
11162.16796875,12445.1748046875,10914.4951171875,12407.33203125,12407.33203125,35087757766,62.0,1061.939712104575,797.7389666068525,264.20074549772244
12400.763671875,12400.91015625,11508.37890625,11959.37109375,11959.37109375,29923961128,74.0,1067.711820137325,851.7335373129471,215.97828282437797
11931.9912109375,12178.3837890625,10799.0087890625,10817.1552734375,10817.1552734375,27256473494,78.0,968.9495393957495,875.1767377295076,93.77280166624189
10796.9306640625,11206.439453125,10089.314453125,10583.134765625,10583.134765625,29378589324,65.0,861.8612215032535,872.513634484257,-10.652412981003408
10588.68359375,10912.1884765625,9737.884765625,10801.677734375,10801.677734375,31015895223,63.0,785.5719645760455,855.1253005026148,-69.55333592656928
10818.15625,11968.078125,10818.15625,11961.26953125,11961.26953125,30796494294,79.0,809.3518414968839,845.9706087014687,-36.61876720458474
11972.71875,12006.0751953125,11166.5693359375,11215.4375,11215.4375,25920294033,76.0,759.262844095867,828.6290557803484,-69.36621168448141
11203.1025390625,11395.6611328125,10874.96484375,10978.4599609375,10978.4599609375,23838480210,67.0,692.4625684394177,801.3957583121623,-108.9331898727446
10982.5439453125,11620.96484375,10982.5439453125,11208.55078125,11208.55078125,21092024306,72.0,650.5896820846283,771.2345430666555,-120.64486098202724
11217.6162109375,11541.6201171875,11148.8046875,11450.8466796875,11450.8466796875,19369044277,67.0,629.6976099488584,742.9271564430962,-113.22954649423787
11446.5966796875,12345.8330078125,11393.3740234375,12285.9580078125,12285.9580078125,23482551458,74.0,672.7717037105904,728.896065896595,-56.124362186004646
12284.326171875,12779.1318359375,12233.26171875,12573.8125,12573.8125,28167921523,84.0,721.8150505792037,727.4798628331168,-5.664812253913169
12571.537109375,13129.529296875,11710.978515625,12156.5126953125,12156.5126953125,33627574244,83.0,718.7246393407495,725.7288181346435,-7.004178793893971
12139.7138671875,12144.623046875,11158.9228515625,11358.662109375,11358.662109375,28595327690,62.0,644.4665822063107,709.476370948977,-65.00978874266627
11354.2998046875,11905.4873046875,11179.14453125,11815.986328125,11815.986328125,23534692797,33.0,615.4245482581737,690.6660064108164,-75.24145815264274
11813.126953125,11841.95703125,10908.4794921875,11392.37890625,11392.37890625,21042616384,65.0,551.8653877417346,662.9058826770001,-111.04049493526554
11381.0205078125,11451.2041015625,10234.576171875,10256.05859375,10256.05859375,22486000001,61.0,405.132625795899,611.35123130078,-206.218605504881
10257.8388671875,11052.7666015625,9992.0068359375,10895.08984375,10895.08984375,25384047207,16.0,336.53101600020636,556.3871882406653,-219.85617224045893
10896.6533203125,10996.6328125,9448.1064453125,9477.6416015625,9477.6416015625,24151199070,34.0,165.8754104758027,478.28483268769276,-312.40942221189005
9471.2138671875,9963.134765625,9163.134765625,9693.802734375,9693.802734375,24569921549,19.0,47.52418129527905,392.13270240921,-344.608521113931
9698.5029296875,10736.8427734375,9376.798828125,10666.482421875,10666.482421875,25187024648,40.0,31.84995480004909,320.0761528873779,-288.2261980873288
10653.9560546875,10716.98046875,10229.62890625,10530.732421875,10530.732421875,20727426310,42.0,8.377555639395723,257.73643343778144,-249.35887779838572
10525.8193359375,11048.662109375,10451.2763671875,10767.1396484375,10767.1396484375,20206615155,34.0,8.750724733452444,207.93929169691566,-199.18856696346322
10777.529296875,10841.8876953125,10389.599609375,10599.10546875,10599.10546875,17130580467,42.0,-4.461065663466798,165.45922022483916,-169.92028588830595
10596.9482421875,10651.791015625,10154.921875,10343.1064453125,10343.1064453125,16334414913,42.0,-35.18291965990102,125.33079224789114,-160.51371190779216
10346.748046875,10346.748046875,9883.5947265625,9900.767578125,9900.767578125,17851916995,40.0,-94.13809473577203,81.43701485115851,-175.57510958693052
9887.73046875,9908.796875,9614.306640625,9811.92578125,9811.92578125,17398734322,20.0,-146.34234282529178,35.88114331586846,-182.22348614116024
9809.0966796875,10154.25390625,9773.95703125,9911.841796875,9911.841796875,15821952090,42.0,-177.60487962248953,-6.816061271803143,-170.7888183506864
9913.126953125,9916.517578125,9717.982421875,9870.3037109375,9870.3037109375,14495714483,24.0,-203.38791240593673,-46.13043149862987,-157.25748090730687
9871.1650390625,10167.3203125,9411.521484375,9477.677734375,9477.677734375,16817809536,47.0,-252.5910739716728,-87.42255999323847,-165.16851397843436
9491.626953125,9575.544921875,9252.296875,9552.8603515625,9552.8603515625,13738687093,16.0,-282.26455503560646,-126.39095900171208,-155.8735960338944
9548.1787109375,9681.6484375,9472.9482421875,9519.1455078125,9519.1455078125,13791445323,19.0,-304.9858219798789,-162.10993159734545,-142.87589038253344
9522.3291015625,9701.759765625,9437.3359375,9607.423828125,9607.423828125,13829811132,22.0,-312.2696172875858,-192.14186873539353,-120.12774855219226
9604.05078125,10085.6279296875,9598.09765625,10085.6279296875,10085.6279296875,16631520648,31.0,-276.27033066855256,-208.96756112202536,-67.3027695465272
10077.4423828125,10446.919921875,9922.01953125,10399.6689453125,10399.6689453125,17165337858,57.0,-219.86567659331376,-211.14718421628305,-8.718492377030714
10402.04296875,10657.953125,10371.013671875,10518.1748046875,10518.1748046875,17489094082,61.0,-163.71494542646542,-201.66073645831955,37.94579103185413
10519.2783203125,10946.78125,10503.5048828125,10821.7265625,10821.7265625,15352685061,61.0,-93.64155490982921,-180.0569001486215,86.4153452387923
10821.6328125,11009.20703125,10620.2783203125,10970.1845703125,10970.1845703125,16530894787,62.0,-25.830806105088413,-149.2116813399149,123.38087523482648
10960.7353515625,11895.091796875,10960.7353515625,11805.6533203125,11805.6533203125,23875988832,64.0,94.23872137560829,-100.52160079681026,194.76032217241857
11811.544921875,12273.8212890625,11290.7314453125,11478.1689453125,11478.1689453125,23635107660,66.0,161.11223326076288,-48.19483398529564,209.30706724605852
11476.193359375,12036.990234375,11433.701171875,11941.96875,11941.96875,22194988641,45.0,248.6682485502879,11.177782521821072,237.4904660284668
11954.0400390625,11979.419921875,11556.16796875,11966.4072265625,11966.4072265625,19481591730,61.0,316.3819481348146,72.21861564441978,244.1633324903948
11953.4697265625,11970.4580078125,11709.7451171875,11862.9365234375,11862.9365234375,18339989960,60.0,357.5744264986497,129.28977781526578,228.28464868338392
11861.556640625,11915.6552734375,11323.8984375,11354.0244140625,11354.0244140625,18125355447,59.0,345.1758361327229,172.46698947875723,172.70884665396568
11349.740234375,11523.5791015625,11248.294921875,11523.5791015625,11523.5791015625,15774371518,45.0,345.0539431265661,206.984380208319,138.06956291824707
11528.189453125,11528.189453125,11320.951171875,11382.6162109375,11382.6162109375,13647198229,48.0,329.78130128411794,231.54376442347882,98.23753686063912
11385.052734375,11420.0498046875,10830.3271484375,10895.830078125,10895.830078125,16681503537,45.0,275.22542256457564,240.2800960516982,34.94532651287744
10889.4873046875,10889.556640625,10028.1357421875,10051.7041015625,10051.7041015625,19990838300,11.0,162.00805594952544,224.62568803126365,-62.61763208173821
10038.421875,10437.4111328125,9675.31640625,10311.5458984375,10311.5458984375,22899115082,13.0,92.18686583431918,198.13792359187477,-105.95105775755559
10319.419921875,10524.349609375,9855.478515625,10374.3388671875,10374.3388671875,20228207096,31.0,41.44221734423627,166.79878234234707,-125.3565649981108
10358.72265625,10452.625,10086.6982421875,10231.744140625,10231.744140625,13778035685,20.0,-10.162339772286941,131.40655791942027,-141.5688976917072
10233.005859375,10487.0703125,10119.0947265625,10345.810546875,10345.810546875,12999813869,14.0,-41.37813599153196,96.84961913722982,-138.22775512876177
10350.283203125,10916.0537109375,10313.2041015625,10916.0537109375,10916.0537109375,16038264603,30.0,-19.873927508841007,73.50490980801567,-93.37883731685667
10916.3466796875,10947.0419921875,10618.9609375,10763.232421875,10763.232421875,15053082175,39.0,-14.99028947743136,55.805869950926265,-70.79615942835763
10764.572265625,10798.7294921875,9962.7216796875,10138.0498046875,10138.0498046875,19473084768,11.0,-60.865365445244606,32.4716228716921,-93.3369883169367
10142.521484375,10232.99609375,9831.462890625,10131.0556640625,10131.0556640625,17097508856,5.0,-96.67169127677516,6.642960041998645,-103.31465131877381
10136.3095703125,10442.443359375,10078.1923828125,10407.96484375,10407.96484375,15627023886,33.0,-101.53378759390762,-14.992389485182606,-86.54139810872502
10407.64453125,10418.0205078125,9982.296875,10159.9609375,10159.9609375,15451030650,39.0,-123.96982950797064,-36.78787748974022,-87.18195201823042
10160.7373046875,10304.6220703125,10008.7890625,10138.517578125,10138.517578125,14153856610,33.0,-141.84574480949777,-57.79945095369173,-84.04629385580604
10126.2998046875,10512.328125,10126.2998046875,10370.8203125,10370.8203125,18438654080,41.0,-135.7033435735466,-73.38022947766271,-62.32311409588388
10372.826171875,10381.328125,10087.30078125,10185.5,10185.5,14762609503,30.0,-144.12783085508454,-87.52974975314709,-56.59808110193745
10203.4267578125,10279.3662109375,9716.65625,9754.4228515625,9754.4228515625,17603790323,32.0,-183.47365089853884,-106.71852998222545,-76.75512091631339
9756.7861328125,9756.7861328125,9421.6298828125,9510.2001953125,9510.2001953125,17045878501,20.0,-231.69142948359877,-131.71310988250013,-99.97831960109863
9514.8447265625,9656.1240234375,9428.302734375,9598.173828125,9598.173828125,13595263986,24.0,-259.8106935126798,-157.33262660853606,-102.47806690414373
9597.5390625,9673.220703125,9531.7998046875,9630.6640625,9630.6640625,11454806419,20.0,-276.28883673617383,-181.12386863406363,-95.16496810211021
9630.5927734375,9796.755859375,9582.9443359375,9757.970703125,9757.970703125,11445355859,24.0,-275.8949566849369,-200.0780862442383,-75.81687044069861
9757.4736328125,10396.591796875,9730.650390625,10346.7607421875,10346.7607421875,17248102294,28.0,-225.47325316761453,-205.15711962891356,-20.316133538700967
10345.7255859375,10736.1044921875,10308.5478515625,10623.5400390625,10623.5400390625,19384917989,41.0,-161.32031358803033,-196.38975842073694,35.06944483270661
10621.1806640625,10762.64453125,10434.7099609375,10594.4931640625,10594.4931640625,16742664769,43.0,-111.5367604862131,-179.41915883383217,67.88239834761907
10588.18359375,10627.26953125,10516.41796875,10575.533203125,10575.533203125,14551239508,41.0,-72.77395353836619,-158.09011777473899,85.3161642363728
10578.1982421875,10898.76171875,10292.2998046875,10353.302734375,10353.302734375,19536574783,43.0,-59.302686872237246,-138.33263159423865,79.0299447220014
10353.931640625,10558.673828125,10348.9189453125,10517.2548828125,10517.2548828125,15307366476,39.0,-34.99365770720942,-117.6648368168328,82.67117910962338
10518.1142578125,10595.6376953125,10409.0908203125,10441.2763671875,10441.2763671875,13670567493,43.0,-21.610298123985558,-98.45392907826336,76.8436309542778
10443.228515625,10450.3115234375,10144.9296875,10334.974609375,10334.974609375,17595943368,41.0,-19.358401089421022,-82.6348234804949,63.27642239107388
10336.408203125,10394.353515625,10020.5732421875,10115.9755859375,10115.9755859375,14906809639,41.0,-34.843493304199,-73.07655744523574,38.233064141036735
10123.03515625,10215.9482421875,9980.7763671875,10178.3720703125,10178.3720703125,15428063426,38.0,-41.60111388353471,-66.78146873289553,25.180354849360825
10176.8193359375,10442.25390625,10099.2421875,10410.126953125,10410.126953125,15323563925,39.0,-27.93389019417191,-59.01195302515081,31.0780628309789
10415.3623046875,10441.4892578125,10226.5966796875,10360.546875,10360.546875,14109864675,38.0,-20.862722422514707,-51.38210690462359,30.519384482108883
10345.4033203125,10422.1337890625,10291.6943359375,10358.048828125,10358.048828125,13468713124,39.0,-15.284156284635174,-44.16251678062591,28.878360495990734
10356.4658203125,10387.03515625,10313.0927734375,10347.712890625,10347.712890625,12043433567,38.0,-11.563825620658463,-37.64277854863242,26.07895292797396
10347.22265625,10386.8671875,10189.744140625,10276.7939453125,10276.7939453125,15160167779,38.0,-14.17460691317865,-32.949144221541665,18.774537308363016
10281.513671875,10296.771484375,10199.7392578125,10241.2724609375,10241.2724609375,15304603363,41.0,-18.892179535087052,-30.137751284250744,11.245571749163691
10247.7958984375,10275.9287109375,10191.4697265625,10198.248046875,10198.248046875,16169268880,38.0,-25.80513493860235,-29.271228015121068,3.4660930765187175
10200.49609375,10295.6689453125,9851.6923828125,10266.4150390625,10266.4150390625,19937691247,31.0,-25.489369739067115,-28.51485635991028,3.0254866208431643
10266.318359375,10285.8720703125,10132.1865234375,10181.6416015625,10181.6416015625,14734189639,41.0,-31.71405162274641,-29.15469541247751,-2.559356210268902
10183.6484375,10188.09765625,10000.7080078125,10019.716796875,10019.716796875,13425266806,37.0,-49.14660388135235,-33.15307710625248,-15.993526775099866
10024.115234375,10074.4443359375,9922.533203125,10070.392578125,10070.392578125,13199651698,37.0,-58.201998697850286,-38.16286142457204,-20.039137273278243
10067.962890625,10074.23828125,9727.1435546875,9729.32421875,9729.32421875,15144925408,41.0,-91.84114297775159,-48.89851773520795,-42.942625242543635
9729.3212890625,9804.3173828125,8370.8017578125,8620.56640625,8620.56640625,25002886689,39.0,-205.59789185257068,-80.23839255868052,-125.35949929389017
8603.4287109375,8744.828125,8325.396484375,8486.9931640625,8486.9931640625,21744728353,15.0,-303.035969215578,-124.79790789006003,-178.23806132551798
8487.669921875,8515.685546875,7895.62939453125,8118.9677734375,8118.9677734375,19258205289,12.0,-405.2810926784405,-180.89454484773614,-224.38654783070433
8113.10107421875,8271.5205078125,7965.9228515625,8251.845703125,8251.845703125,16408941156,24.0,-470.1691341323549,-238.7494627046599,-231.419671427695
8251.2734375,8285.6171875,8125.431640625,8245.9150390625,8245.9150390625,14141152736,32.0,-516.1223918447376,-294.22404853267545,-221.8983433120622
8246.037109375,8261.70703125,7990.4970703125,8104.185546875,8104.185546875,13034629109,33.0,-557.5499761318497,-346.88923405251035,-210.66074207933934
8104.2265625,8314.2314453125,7830.7587890625,8293.8681640625,8293.8681640625,17115474183,27.0,-568.5222624372018,-391.2158397294487,-177.3064227077531
8299.720703125,8497.6923828125,8232.6796875,8343.2763671875,8343.2763671875,15305343413,38.0,-566.6985017441039,-426.3123721323798,-140.38612961172407
8344.212890625,8393.0419921875,8227.6953125,8393.0419921875,8393.0419921875,13125712443,39.0,-554.8416194148231,-452.01822158886847,-102.8233978259546
8390.7744140625,8414.2275390625,8146.43701171875,8259.9921875,8259.9921875,13668823409,37.0,-549.8427174576682,-471.5831207626284,-78.25959669503976
8259.494140625,8260.0556640625,8151.23681640625,8205.939453125,8205.939453125,13139456229,30.0,-543.9720839945658,-486.06091340901594,-57.911170585549826
8210.1494140625,8215.5263671875,8071.12060546875,8151.50048828125,8151.50048828125,12200497197,31.0,-537.5161822204736,-496.35196717130754,-41.1642150491661
8149.876953125,8161.41015625,7958.8505859375,7988.15576171875,7988.15576171875,13160830305,32.0,-539.362947539541,-504.9541632449542,-34.40878429458678
7989.12060546875,8308.4501953125,7905.76611328125,8245.623046875,8245.623046875,18009742607,27.0,-514.1245563378616,-506.7882418635357,-7.336314474325889
8246.849609375,8332.71484375,8185.76318359375,8228.783203125,8228.783203125,15592264032,39.0,-489.83526807343696,-503.397647105516,13.562379032079036
8229.8408203125,8627.7060546875,8169.298828125,8595.740234375,8595.740234375,19384942333,37.0,-435.95010505346363,-489.90813869510555,53.95803364164192
8585.2802734375,8625.2724609375,8471.93359375,8586.4736328125,8586.4736328125,17618660671,41.0,-389.50350845244793,-469.8272126465741,80.32370419412615
8585.2626953125,8721.7802734375,8316.181640625,8321.7568359375,8321.7568359375,19604381101,39.0,-369.7919478068943,-449.82015967863816,80.02821187174385
8315.6650390625,8415.2421875,8313.3408203125,8336.5556640625,8336.5556640625,14532641605,38.0,-348.95373083750565,-429.64687391041167,80.69314307290603
8336.90234375,8470.98828125,8276.6123046875,8321.005859375,8321.005859375,13808286059,38.0,-329.89125203784533,-409.6957495358984,79.80449749805308
8320.83203125,8390.208984375,8284.130859375,8374.6865234375,8374.6865234375,15151387859,37.0,-306.9145988418113,-389.139519397081,82.2249205552697
8373.4580078125,8410.71484375,8182.70654296875,8205.369140625,8205.369140625,15220412632,39.0,-298.92214497991154,-371.09604451364714,72.17389953373561
8204.6748046875,8216.8125,7985.08984375,8047.52685546875,8047.52685546875,16071646996,40.0,-301.8451381207451,-357.24586323506674,55.40072511432163
8047.8125,8134.83154296875,8000.94287109375,8103.9111328125,8103.9111328125,14313052244,40.0,-296.1975107578419,-345.0361927396218,48.83868198177993
8100.93359375,8138.41357421875,7902.1640625,7973.20751953125,7973.20751953125,15651592610,40.0,-298.8237603420166,-335.79370626010075,36.969945918084136
7973.8037109375,8082.62939453125,7944.77685546875,7988.560546875,7988.560546875,13797825640,41.0,-296.25122139231644,-327.8852092865439,31.63398789422746
7997.80712890625,8281.818359375,7949.439453125,8222.078125,8222.078125,15504249442,37.0,-272.23143425773924,-316.75445428078297,44.52302002304373
8225.115234375,8296.6943359375,8196.416015625,8243.720703125,8243.720703125,15868748866,37.0,-248.5836867177386,-303.1203007681741,54.5366140504355
8243.40234375,8296.6513671875,8074.462890625,8078.203125,8078.203125,16803377857,39.0,-240.42706810557138,-290.58165423565356,50.15458613008218
8076.228515625,8092.99951171875,7469.32275390625,7514.671875,7514.671875,21942878958,33.0,-276.250705168909,-287.71546442230465,11.464759253395641
7509.72802734375,7532.86767578125,7446.98876953125,7493.48876953125,7493.48876953125,16268708849,20.0,-302.8593214790744,-290.74423583365865,-12.115085645415775
7490.703125,8691.5400390625,7479.984375,8660.7001953125,8660.7001953125,28705065488,24.0,-227.14425674261747,-278.02424001545046,50.87998327283299
8667.5771484375,10021.744140625,8662.6220703125,9244.97265625,9244.97265625,44496255609,53.0,-118.62616917638843,-246.14462584763808,127.51845667124965
9241.70703125,9749.529296875,9112.5419921875,9551.71484375,9551.71484375,32593129501,50.0,-7.783548072633494,-198.4724102926372,190.6888622200037
9565.1015625,9805.1181640625,9256.1484375,9256.1484375,9256.1484375,30948255332,52.0,55.56971580435675,-147.66398507323842,203.23370087759517
9248.4404296875,9516.1806640625,9232.6484375,9427.6875,9427.6875,28426779937,54.0,118.25621851932738,-94.47994435472526,212.73616287405264
9422.462890625,9426.8740234375,9085.3701171875,9205.7265625,9205.7265625,27706531577,53.0,148.3156405208665,-45.92082737960691,194.23646790047343
9202.4580078125,9383.1611328125,9028.7177734375,9199.5849609375,9199.5849609375,26583653947,50.0,169.68633466499523,-2.7993949706864854,172.4857296356817
9193.9921875,9275.6572265625,9132.0478515625,9261.1044921875,9261.1044921875,24324691031,49.0,189.40354955381372,35.64119393421356,153.76235561960016
9259.783203125,9377.486328125,9249.587890625,9324.7177734375,9324.7177734375,21242676385,51.0,207.76762867406978,70.0664808821848,137.70114779188498
9324.787109375,9379.806640625,9141.251953125,9235.3544921875,9235.3544921875,21132220847,56.0,212.65902288596226,98.5849892829403,114.07403360302196
9235.607421875,9505.0517578125,9191.4853515625,9412.6123046875,9412.6123046875,26170255634,49.0,228.20807150911423,124.5096057281751,103.69846578093913
9413.0048828125,9457.41796875,9256.931640625,9342.52734375,9342.52734375,26198609048,54.0,232.1988896831317,146.04746251916643,86.15142716396528
9340.8642578125,9423.2373046875,9305.9091796875,9360.8798828125,9360.8798828125,23133895765,53.0,234.14347809587343,163.66666563450784,70.4768124613656
9352.3935546875,9368.4765625,9202.353515625,9267.5615234375,9267.5615234375,22700383839,54.0,225.55451467314015,176.0442354422343,49.51027923090584
9265.3681640625,9272.759765625,8775.5341796875,8804.880859375,8804.880859375,24333037836,42.0,179.34584916404128,176.70455818659573,2.64129097744555
8809.46875,8891.818359375,8793.1630859375,8813.58203125,8813.58203125,17578630606,38.0,141.7927619869497,169.72219894666654,-27.92943695971684
8812.4892578125,9103.826171875,8806.162109375,9055.5263671875,9055.5263671875,20587919881,39.0,130.05535852427965,161.78883086218917,-31.733472337909518
9056.91796875,9081.279296875,8700.6083984375,8757.7880859375,8757.7880859375,20265510765,40.0,95.62607287946048,148.55627926564344,-52.93020638618296
8759.751953125,8853.7685546875,8685.427734375,8815.662109375,8815.662109375,20309769107,39.0,72.17853673247191,133.28073075900915,-61.102194026537234
8812.033203125,8836.841796875,8761.6513671875,8808.2626953125,8808.2626953125,17545755405,38.0,52.395145903119555,117.10361378783124,-64.70846788471168
8811.9365234375,8826.943359375,8692.5517578125,8708.0947265625,8708.0947265625,19084739975,41.0,28.307635399745777,99.34441811021415,-71.03678271046837
8705.7080078125,8730.873046875,8484.84375,8491.9921875,8491.9921875,21796856471,38.0,-8.125888884518645,77.8503567112676,-85.97624559578624
8491.166015625,8591.9970703125,8473.9736328125,8550.7607421875,8550.7607421875,16495389808,41.0,-31.889980312964326,55.90228930642122,-87.79226961938554
8549.470703125,8727.7890625,8500.9677734375,8577.9755859375,8577.9755859375,18668638897,38.0,-47.974167197780844,35.12699800558081,-83.10116520336166
8573.98046875,8653.2802734375,8273.5732421875,8309.2861328125,8309.2861328125,21579470673,38.0,-81.46294045143804,11.80901031417704,-93.27195076561509
8305.134765625,8408.5166015625,8099.96337890625,8206.1455078125,8206.1455078125,21083613816,32.0,-114.99997288149461,-13.55278632495729,-101.44718655653732
8203.61328125,8237.240234375,8010.51171875,8027.26806640625,8027.26806640625,20764300437,32.0,-154.23431016387076,-41.689091092739986,-112.54521907113077
8023.64453125,8110.09814453125,7597.3818359375,7642.75,7642.75,22514243371,30.0,-213.88961321621719,-76.12919551743543,-137.76041769878174
7643.5693359375,7697.3828125,6936.70654296875,7296.57763671875,7296.57763671875,34242315785,20.0,-285.80549942249854,-118.06445629844806,-167.74104312405046
7296.16455078125,7442.2587890625,7151.41796875,7397.796875,7397.796875,21008924418,23.0,-330.8183428332195,-160.61523360540235,-170.20310922781715
7398.6337890625,7408.5771484375,7029.2890625,7047.9169921875,7047.9169921875,30433517289,21.0,-390.22545190833443,-206.5372772659888,-183.68817464234564
7039.97705078125,7319.85693359375,6617.1669921875,7146.1337890625,7146.1337890625,42685231262,17.0,-424.4875113827593,-250.1273240893429,-174.3601872934164
7145.1591796875,7320.23046875,7098.572265625,7218.37109375,7218.37109375,21129505542,21.0,-440.7310207237442,-288.2480634162232,-152.48295730752102
7220.880859375,7619.693359375,6974.17431640625,7531.66357421875,7531.66357421875,23991412764,20.0,-423.4428484523787,-315.2870204234543,-108.15582802892442
7536.8203125,7730.07275390625,7454.12158203125,7463.10595703125,7463.10595703125,19050116751,32.0,-410.5414083179494,-334.3378980023533,-76.20351031559608
7466.72705078125,7781.1796875,7460.75634765625,7761.24365234375,7761.24365234375,19709695456,31.0,-371.97184381940224,-341.8646871657631,-30.10715665363915
7764.05712890625,7836.10205078125,7515.849609375,7569.6298828125,7569.6298828125,17158194786,38.0,-352.79995759289795,-344.05174125119004,-8.748216341707916
7571.6162109375,7571.6162109375,7291.341796875,7424.29248046875,7424.29248046875,18720708479,25.0,-345.3526035272698,-344.311913706406,-1.040689820863804
7424.0361328125,7474.81884765625,7233.3994140625,7321.98828125,7321.98828125,17082040706,28.0,-343.74315850153835,-344.1981626654325,0.4550041638941593
7323.9755859375,7418.85888671875,7229.35693359375,7320.1455078125,7320.1455078125,14797485769,28.0,-338.71189821711505,-343.100909775769,4.389011558653976
7320.125,7539.78466796875,7170.9228515625,7252.03466796875,7252.03466796875,21664240918,24.0,-336.34340632121894,-341.74940908485905,5.406002763640117
7253.24169921875,7743.431640625,7232.6767578125,7448.3076171875,7448.3076171875,18816085231,21.0,-314.9976756238375,-336.39906239265474,21.401386768817247
7450.5615234375,7546.99658203125,7392.17529296875,7546.99658203125,7546.99658203125,18104466307,29.0,-286.81147146457624,-326.48154420703906,39.67007274246282
7547.265625,7589.95166015625,7525.71142578125,7556.23779296875,7556.23779296875,15453520564,32.0,-260.7225656642777,-313.3297484984868,52.60718283420914
7551.3388671875,7634.6064453125,7476.09130859375,7564.34521484375,7564.34521484375,15409908086,28.0,-236.6645965182961,-297.99671810244865,61.33212158415256
7561.79541015625,7618.091796875,7365.9853515625,7400.8994140625,7400.8994140625,17872021272,32.0,-228.15713931219125,-284.0288023443972,55.87166303220596
7397.13427734375,7424.02294921875,7246.0439453125,7278.11962890625,7278.11962890625,18249031195,26.0,-228.68607006845104,-272.960255889208,44.27418582075694
7277.19775390625,7324.15625,7195.52734375,7217.42724609375,7217.42724609375,16350490689,20.0,-231.33592304978356,-264.6353893213231,33.29946627153953
7216.73876953125,7266.6396484375,7164.7412109375,7243.13427734375,7243.13427734375,18927080224,23.0,-228.72500852746816,-257.4533131625521,28.72830463508393
7244.662109375,7293.560546875,7227.12255859375,7269.6845703125,7269.6845703125,17125736940,22.0,-221.95489533410273,-250.35362959686222,28.39873426275949
7268.90283203125,7308.83642578125,7097.208984375,7124.673828125,7124.673828125,17137029730,27.0,-225.68908357267082,-245.42072039202395,19.731636819353128
7124.23974609375,7181.07568359375,6924.3759765625,7152.3017578125,7152.3017578125,16881129804,21.0,-223.83883684921148,-241.10434368346145,17.265506834249976
7153.6630859375,7171.1689453125,6903.6826171875,6932.48046875,6932.48046875,20213265950,24.0,-237.3739448190172,-240.35826391057262,2.9843190915554203
6931.3154296875,6964.0751953125,6587.97412109375,6640.51513671875,6640.51513671875,22363804217,23.0,-268.5639397172945,-245.999399071917,-22.56454064537749
6647.6982421875,7324.98486328125,6540.04931640625,7276.802734375,7276.802734375,31836522778,15.0,-239.18200269103272,-244.63591979574016,5.453917104707443
7277.5908203125,7346.6025390625,7041.3818359375,7202.84423828125,7202.84423828125,25904604416,21.0,-219.3360687811728,-239.5759495928267,20.239880811653904
7208.63671875,7257.921875,7086.1240234375,7218.81640625,7218.81640625,22633815180,23.0,-200.01357076561362,-231.6634738273841,31.649903061770488
7220.59375,7223.22607421875,7112.73583984375,7191.15869140625,7191.15869140625,19312552168,23.0,-184.8018179971914,-222.2911426613456,37.489324664154196
7191.1884765625,7518.033203125,7167.17919921875,7511.5888671875,7511.5888671875,23134537956,20.0,-145.21639291120937,-206.87619271131834,61.65979980010897
7508.90234375,7656.17626953125,7326.1923828125,7355.62841796875,7355.62841796875,27831788041,33.0,-124.98857270561075,-190.49866871017684,65.5100960045661
7354.39306640625,7535.716796875,7269.52880859375,7322.5322265625,7322.5322265625,22991622105,25.0,-110.35634624410886,-174.47020421696325,64.11385797285439
7325.755859375,7357.02001953125,7220.9912109375,7275.15576171875,7275.15576171875,21559505149,22.0,-101.41404810660424,-159.85897299489147,58.44492488828723
7274.79931640625,7388.302734375,7200.38671875,7238.966796875,7238.966796875,22787010034,39.0,-96.13912740969499,-147.1150038778522,50.975876468157196
7238.14111328125,7363.529296875,7189.93408203125,7290.08837890625,7290.08837890625,22777360996,38.0,-86.83267727247494,-135.05853855677674,48.2258612843018
7289.03125,7399.041015625,7286.9052734375,7317.990234375,7317.990234375,21365673026,37.0,-76.32596373985325,-123.31202359339204,46.98605985353879
7317.6474609375,7513.9482421875,7279.865234375,7422.65283203125,7422.65283203125,22445257702,37.0,-58.87524348114766,-110.42466757094317,51.54942408979551
7420.27294921875,7454.82421875,7276.30810546875,7292.9951171875,7292.9951171875,22874131672,40.0,-54.875149380169205,-99.31476393278838,44.439614552619176
7294.43896484375,7335.2900390625,7169.77783203125,7193.59912109375,7193.59912109375,21167946112,38.0,-59.04484002215031,-91.26077915066077,32.215939128510456
7194.89208984375,7254.33056640625,7174.9443359375,7200.17431640625,7200.17431640625,18565664997,37.0,-61.11429898997358,-85.23148311852333,24.117184128549752
7202.55126953125,7212.1552734375,6935.27001953125,6985.47021484375,6985.47021484375,20802083465,39.0,-79.16660344564752,-84.01850718394817,4.851903738300649
6984.4287109375,7413.71533203125,6914.99609375,7344.88427734375,7344.88427734375,28111481032,38.0,-63.73675604259279,-79.9621569556771,16.225400913084314
7345.37548828125,7427.3857421875,7309.51416015625,7410.65673828125,7410.65673828125,18444271275,38.0,-45.67469346065445,-73.10466425667258,27.429970796018125
7410.45166015625,7544.4970703125,7400.53564453125,7411.3173828125,7411.3173828125,19725074095,39.0,-30.950294512645996,-64.67379030786726,33.72349579522127
7410.4521484375,7781.8671875,7409.29296875,7769.21923828125,7769.21923828125,23276261598,41.0,9.489200763357985,-49.84119209362222,59.330392856980204
7768.68212890625,8178.2158203125,7768.2275390625,8163.6923828125,8163.6923828125,28767291327,40.0,72.53237012154386,-25.366479650589007,97.89884977213288
8161.935546875,8396.73828125,7956.7744140625,8079.86279296875,8079.86279296875,31672559265,51.0,114.41132618248321,2.5890815160254377,111.82224466645778
8082.2958984375,8082.2958984375,7842.40380859375,7879.0712890625,7879.0712890625,24045990466,44.0,129.9010854493008,28.051482302680512,101.8496031466203
7878.3076171875,8166.55419921875,7726.77490234375,8166.55419921875,8166.55419921875,28714583844,41.0,163.4896921186819,55.139124265880795,108.35056785280109
8162.19091796875,8218.359375,8029.64208984375,8037.53759765625,8037.53759765625,25521165085,50.0,177.650499018554,79.64139921641544,98.00909980213856
8033.26171875,8200.0634765625,8009.05908203125,8192.494140625,8192.494140625,22903438381,45.0,199.08184689466725,103.5294887520658,95.55235814260145
8189.77197265625,8197.7880859375,8079.70068359375,8144.1943359375,8144.1943359375,22482910688,49.0,209.75107409438988,124.77380582053063,84.97726827385925
8140.93310546875,8879.51171875,8140.93310546875,8827.7646484375,8827.7646484375,44841784107,56.0,270.24965510164293,153.8689756767531,116.38067942488982
8825.34375,8890.1171875,8657.1875,8807.0107421875,8807.0107421875,40102834650,54.0,312.9134778412108,185.67787610964467,127.23560173156613
8812.4814453125,8846.4609375,8612.095703125,8723.7861328125,8723.7861328125,31313981931,55.0,336.1345840506592,215.76921769784758,120.36536635281163
8725.2099609375,8958.1220703125,8677.31640625,8929.0380859375,8929.0380859375,36372139320,54.0,366.8705400589097,245.98948217006003,120.88105788884965
8927.2119140625,9012.1982421875,8827.33203125,8942.80859375,8942.80859375,32337772627,51.0,387.8690584656979,274.3653974291876,113.50366103651027
8941.4453125,9164.3623046875,8620.080078125,8706.2451171875,8706.2451171875,34217320471,53.0,381.02956839234685,295.6982316218195,85.33133677052734
8704.6318359375,8745.5908203125,8560.4736328125,8657.642578125,8657.642578125,26422375678,48.0,367.4516506217187,310.04891542179934,57.40273519991939
8658.9912109375,8755.7060546875,8544.5205078125,8745.89453125,8745.89453125,24097418512,49.0,359.66623950516623,319.97238023847274,39.693859266693494
8744.2109375,8792.994140625,8636.7470703125,8680.8759765625,8680.8759765625,22600204051,52.0,344.28113253558695,324.8341306978956,19.447001837691346
8680.650390625,8687.7470703125,8333.6376953125,8406.515625,8406.515625,25770680779,49.0,306.4175462377898,321.15081380587446,-14.73326756808467
8405.5673828125,8514.6669921875,8266.8408203125,8445.4345703125,8445.4345703125,24397913026,40.0,276.3650506591712,312.19366117653385,-35.82861051736268
8440.119140625,8458.453125,8296.21875,8367.84765625,8367.84765625,19647331549,41.0,243.4809193756755,298.4511128163622,-54.97019344068667
8364.41015625,8602.4013671875,8325.498046875,8596.830078125,8596.830078125,22177678796,42.0,233.2086915467171,285.40262856243316,-52.193937015716074
8597.30859375,8977.7265625,8597.30859375,8909.8193359375,8909.8193359375,28647338393,50.0,247.47080493589056,277.81626383712467,-30.34545890123411
8912.5244140625,9358.58984375,8908.447265625,9358.58984375,9358.58984375,34398744403,54.0,291.6240020328405,280.5778114762678,11.046190556572697
9357.470703125,9406.431640625,9269.4677734375,9316.6298828125,9316.6298828125,30682598115,57.0,319.5463789196765,288.3715249649496,31.174853954726927
9316.0166015625,9553.1259765625,9230.8974609375,9508.9931640625,9508.9931640625,32378792851,57.0,353.12654986896814,301.32252994575333,51.80401992321481
9508.3134765625,9521.7060546875,9230.7763671875,9350.529296875,9350.529296875,29432489719,55.0,362.7705741719001,313.6121387909827,49.15843538091735
9346.357421875,9439.3232421875,9313.2392578125,9392.875,9392.875,25922656496,57.0,369.5703008787914,324.80377120854445,44.76652967024694
9389.8203125,9468.7978515625,9217.82421875,9344.365234375,9344.365234375,30835736946,57.0,366.8163698342905,333.2062909336937,33.61007890059682
9344.68359375,9540.3720703125,9248.6337890625,9293.521484375,9293.521484375,30934096509,59.0,356.42257633977533,337.84954801491006,18.573028324865277
9292.841796875,9331.265625,9112.8115234375,9180.962890625,9180.962890625,29893183716,56.0,335.23846197695275,337.3273308073186,-2.0888688303658682
9183.416015625,9701.2998046875,9163.7041015625,9613.423828125,9613.423828125,35222060874,53.0,349.3191484507879,339.72569433601245,9.593454114775454
9617.8212890625,9824.619140625,9539.818359375,9729.8017578125,9729.8017578125,37628823716,61.0,365.65388981190154,344.91133343119026,20.742556380711278
9726.0029296875,9834.716796875,9726.0029296875,9795.943359375,9795.943359375,34522718159,56.0,379.5610213184791,351.84127100864805,27.719750309831056
9793.0703125,9876.7490234375,9678.91015625,9865.119140625,9865.119140625,35172043762,56.0,391.64973628723965,359.8029640643664,31.846772222873255
9863.89453125,10129.435546875,9850.392578125,10116.673828125,10116.673828125,35807884663,56.0,416.72474745892214,371.1873207432776,45.53742671564453
10115.5595703125,10165.765625,9784.5634765625,9856.611328125,9856.611328125,39386548075,57.0,410.8756850155496,379.124993597732,31.75069141781762
9855.8916015625,10210.052734375,9729.3349609375,10208.236328125,10208.236328125,37648059389,52.0,429.66059979620695,389.232114837427,40.42848495877996
10202.3876953125,10393.611328125,10202.3876953125,10326.0546875,10326.0546875,43444303830,61.0,448.88032409249354,401.16175668844033,47.7185674040532
10323.9609375,10457.626953125,10116.1611328125,10214.3798828125,10214.3798828125,49356071373,65.0,449.91453592684957,410.9123125361222,39.00222339072735
10211.55078125,10321.99609375,10125.5341796875,10312.1162109375,10312.1162109375,43338264162,63.0,453.3942148392125,419.4086929967403,33.985521842472224
10313.8564453125,10341.5556640625,9874.427734375,9889.4248046875,9889.4248046875,43865054831,64.0,417.2346007837823,418.9738745541487,-1.7392737703664238
9889.1796875,10053.96875,9722.38671875,9934.43359375,9934.43359375,43374780305,59.0,387.7400532777174,412.72711029886244,-24.987057021145063
9936.560546875,9938.8154296875,9507.6376953125,9690.142578125,9690.142578125,45998298413,49.0,340.7254971102557,398.3267876611411,-57.60129055088544
9691.23046875,10161.935546875,9632.3828125,10141.99609375,10141.99609375,47271023953,53.0,336.053113927941,385.8720529145011,-49.81893898656011
10143.798828125,10191.67578125,9611.2236328125,9633.38671875,9633.38671875,46992019710,50.0,287.9899221021624,366.2956267520334,-78.30570464987102
9629.3251953125,9643.216796875,9507.900390625,9608.4755859375,9608.4755859375,44925260237,44.0,245.064425921968,342.0493865860203,-96.98496066405232
9611.7822265625,9723.0146484375,9589.7431640625,9686.44140625,9686.44140625,40930547513,44.0,214.86007781800436,316.6115248324171,-101.75144701441275
9687.70703125,9698.2314453125,9600.728515625,9663.181640625,9663.181640625,35838025154,43.0,186.89167474859823,290.6675548156533,-103.77588006705508
9663.318359375,9937.404296875,9657.791015625,9924.515625,9924.515625,41185185761,46.0,183.69644403469283,269.27333265946123,-85.5768886247684
9921.5830078125,9951.74609375,9537.04296875,9650.1748046875,9650.1748046875,45080496648,46.0,157.21491357539708,246.8616488426484,-89.64673526725133
9651.3125,9652.7373046875,9305.021484375,9341.705078125,9341.705078125,42515259129,44.0,110.06838116981999,219.50299530808272,-109.43461413826273
9338.2900390625,9354.7783203125,8704.4267578125,8820.5224609375,8820.5224609375,50420050762,41.0,30.300052914937623,181.66240682945372,-151.3623539145161
8825.09375,8932.892578125,8577.19921875,8784.494140625,8784.494140625,45470195695,39.0,-35.415854351449525,138.24675459327307,-173.6626089447226
8788.728515625,8890.4560546875,8492.9326171875,8672.455078125,8672.455078125,44605450443,40.0,-95.4366658353556,91.51007050754734,-186.94673634290294
8671.212890625,8775.6318359375,8599.5087890625,8599.5087890625,8599.5087890625,35792392544,38.0,-147.19299799627515,43.76945680678284,-190.962454803058
8599.7587890625,8726.796875,8471.212890625,8562.4541015625,8562.4541015625,35349164300,39.0,-189.0213472904852,-2.7887040126707703,-186.23264327781445
8563.2646484375,8921.30859375,8532.630859375,8869.669921875,8869.669921875,42857674409,38.0,-195.13151167223805,-41.25726554458423,-153.8742461276538
8865.3876953125,8901.5986328125,8704.990234375,8787.7861328125,8787.7861328125,42386715821,38.0,-204.2269967207958,-73.85121177982654,-130.37578494096925
8788.5419921875,8843.3662109375,8712.431640625,8755.24609375,8755.24609375,34746706368,40.0,-211.6215024051835,-101.40526990489793,-110.21623250028556
8760.28515625,9142.0546875,8757.25390625,9078.7626953125,9078.7626953125,39698054597,41.0,-189.19568533918937,-118.96335299175624,-70.23233234743313
9078.30859375,9167.6953125,9032.0791015625,9122.5458984375,9122.5458984375,40826885651,39.0,-165.976847384758,-128.3660518703566,-37.61079551440139
9121.6005859375,9163.220703125,8890.744140625,8909.9541015625,8909.9541015625,36216930370,38.0,-162.85286586194343,-135.263414668674,-27.58945119326944
8908.2060546875,8914.34375,8105.2529296875,8108.1162109375,8108.1162109375,39973102121,33.0,-222.5137050507692,-152.71347274509304,-69.80023230567616
8111.146484375,8177.79345703125,7690.09814453125,7923.64453125,7923.64453125,46936995808,17.0,-281.4364486062532,-178.45806791732508,-102.9783806889281
7922.14697265625,8136.9453125,7814.76318359375,7909.7294921875,7909.7294921875,42213940994,16.0,-325.5037699084842,-207.86720831555692,-117.63656159292725
7910.08984375,7950.814453125,7642.8125,7911.43017578125,7911.43017578125,38682762605,17.0,-356.1843372527983,-237.5306341030052,-118.65370314979307
7913.6162109375,7929.1162109375,4860.35400390625,4970.7880859375,4970.7880859375,53980357243,14.0,-610.7438733961044,-312.1732819616251,-298.5705914344793
5017.8310546875,5838.11474609375,4106.98095703125,5563.70703125,5563.70703125,74156772075,10.0,-755.9266838721014,-400.9239623437204,-355.002721528381
5573.07763671875,5625.2265625,5125.0693359375,5200.3662109375,5200.3662109375,36154506008,8.0,-890.0438038554648,-498.74793064606934,-391.2958732093955
5201.06689453125,5836.64501953125,5169.283203125,5392.31494140625,5392.31494140625,33997889639,12.0,-969.6662207411573,-592.9315886650869,-376.7346320760704
5385.2294921875,5385.2294921875,4575.35791015625,5014.47998046875,5014.47998046875,45368026430,9.0,-1051.1388095356033,-684.5730328391902,-366.5657766964131
5002.578125,5371.3486328125,4981.9091796875,5225.62939453125,5225.62939453125,38622642935,8.0,-1086.1479921184537,-764.8880246950429,-321.2599674234108
5227.11376953125,5331.833984375,5069.3359375,5238.4384765625,5238.4384765625,37878801016,11.0,-1100.1772768618584,-831.945875128406,-268.23140173345246
5245.41650390625,6329.73583984375,5236.96875,6191.19287109375,6191.19287109375,51000731797,12.0,-1022.6280493693048,-870.0823099765857,-152.54573939271904
6191.65380859375,6844.26171875,5865.78173828125,6198.7783203125,6198.7783203125,54442976103,9.0,-949.6111196369557,-885.9880719086598,-63.62304772829589
6206.521484375,6378.13525390625,5932.8232421875,6185.06640625,6185.06640625,42494390880,9.0,-882.6761721691673,-885.3256919607613,2.6495197915940025
6185.55810546875,6359.697265625,5823.7138671875,5830.2548828125,5830.2548828125,40099664740,11.0,-848.4793271946128,-877.9564190075316,29.477091812918843
5831.37451171875,6443.9345703125,5785.00439453125,6416.31494140625,6416.31494140625,46491916000,10.0,-765.2664174584133,-855.418418697708,90.15200123929469
6436.642578125,6789.02294921875,6411.06640625,6734.8037109375,6734.8037109375,48221910672,12.0,-665.9436214636462,-817.5234592508957,151.57983778724952
6738.716796875,6892.51123046875,6536.92626953125,6681.06298828125,6681.06298828125,44590107888,13.0,-584.8245241700834,-770.9836722347333,186.1591480646499
6675.1708984375,6735.4638671875,6590.962890625,6716.4404296875,6716.4404296875,35319797642,14.0,-511.78287684305997,-719.1435131563986,207.36063631333866
6719.38916015625,6793.83642578125,6466.70166015625,6469.79833984375,6469.79833984375,34585598367,12.0,-468.3993839465402,-668.994687314427,200.5953033678868
6467.25390625,6467.5009765625,6117.837890625,6242.19384765625,6242.19384765625,34885225901,8.0,-447.2280668494486,-624.6413632214313,177.4132963719827
6245.62451171875,6250.46728515625,5920.0859375,5922.04296875,5922.04296875,28373690931,12.0,-451.0833379043679,-589.9297581580187,138.84642025365076
5925.53857421875,6517.19580078125,5903.234375,6429.841796875,6429.841796875,37101651525,10.0,-408.45512992996737,-553.6348325124085,145.1797025824411
6430.6064453125,6504.51513671875,6374.162109375,6438.64453125,6438.64453125,32786468812,12.0,-369.6999895448389,-516.8478639188946,147.14787437405573
6437.3193359375,6612.57373046875,6202.37353515625,6606.7763671875,6606.7763671875,40346426266,12.0,-321.71094404529504,-477.82047994417474,156.1095358988797
6606.7763671875,7088.24755859375,6595.91845703125,6793.62451171875,6793.62451171875,47660646124,14.0,-265.5412023489125,-435.3646244251223,169.8234220762098
6797.396484375,7003.220703125,6673.3359375,6733.38720703125,6733.38720703125,38976504903,14.0,-223.31271447241488,-392.9542424345808,169.64152796216592
6738.3828125,6878.95361328125,6696.48486328125,6867.52734375,6867.52734375,33185988584,12.0,-176.98220492241126,-349.75983493214693,172.77763000973567
6862.53759765625,6883.4140625,6715.92919921875,6791.12939453125,6791.12939453125,29510409856,12.0,-144.7609047292035,-308.76004889155826,163.99914416235475
6788.0498046875,7271.78125,6782.8896484375,7271.78125,7271.78125,46896904615,12.0,-79.52400123867847,-262.9128393609823,183.3888381223038
7273.64404296875,7427.939453125,7136.71435546875,7176.41455078125,7176.41455078125,44243482668,20.0,-35.11381067821094,-217.353033624428,182.23922294621707
7179.283203125,7356.2236328125,7153.3056640625,7334.0986328125,7334.0986328125,37563249549,21.0,12.659442722690983,-171.35053835500423,184.00998107769522
7337.96630859375,7341.4482421875,7179.09423828125,7302.08935546875,7302.08935546875,34815139178,22.0,47.39091608090166,-127.60224746782308,174.99316354872474
7303.8154296875,7303.8154296875,6802.47509765625,6865.4931640625,6865.4931640625,43622840992,15.0,39.2339307527227,-94.23501182371392,133.46894257643663
6867.4404296875,6926.06982421875,6789.9208984375,6859.0830078125,6859.0830078125,31222085946,15.0,31.884668464233073,-69.01107576612452,100.8957442303576
6858.06787109375,7119.947265625,6811.078125,6971.091796875,6971.091796875,35759567632,10.0,34.69851544588073,-48.26915752372347,82.9676729696042
6965.61669921875,6965.61669921875,6668.259765625,6845.03759765625,6845.03759765625,38619308647,11.0,26.452066101277524,-33.324912798723275,59.7769789000008
6843.28173828125,6958.55712890625,6793.8212890625,6842.427734375,6842.427734375,34110434052,15.0,19.481530471517544,-22.763624144675113,42.24515461619266
6845.5615234375,6928.66455078125,6633.40283203125,6642.10986328125,6642.10986328125,32288311031,18.0,-2.1815003281835743,-18.647199381376804,16.46569905319323
6640.4541015625,7134.45068359375,6555.50439453125,7116.80419921875,7116.80419921875,46783242377,13.0,18.738254479922034,-11.170108609117037,29.90836308903907
7116.552734375,7167.18310546875,7050.33203125,7096.1845703125,7096.1845703125,32513423567,15.0,33.26996372474878,-2.2820941423438743,35.55205786709265
7092.29150390625,7269.95654296875,7089.2470703125,7257.6650390625,7257.6650390625,32447188386,18.0,57.15769395958796,9.605863478042494,47.551830481545466
7260.92236328125,7280.52197265625,7167.0546875,7189.4248046875,7189.4248046875,31311210215,16.0,69.77811696882418,21.64031417619883,48.13780279262535
7186.87353515625,7240.29052734375,6835.5029296875,6881.95849609375,6881.95849609375,37747113936,15.0,54.3434936612457,28.18095007320821,26.162543588037494
6879.7841796875,6934.5517578125,6834.4423828125,6880.3232421875,6880.3232421875,32589741511,17.0,41.50109339456776,30.84497873748012,10.656114657087642
6879.4404296875,7145.86572265625,6867.78173828125,7117.20751953125,7117.20751953125,33249153866,19.0,49.86318831966855,34.6486206539178,15.21456766575075
7121.30615234375,7491.78515625,7081.5947265625,7429.724609375,7429.724609375,43500782316,19.0,80.77658395143226,43.8742133134207,36.90237063801156
7434.181640625,7574.19580078125,7434.181640625,7550.90087890625,7550.90087890625,34636526286,20.0,113.74243298221336,57.847857247179235,55.894575735034124
7550.48291015625,7641.36376953125,7521.67236328125,7569.93603515625,7569.93603515625,32941541447,24.0,139.79264131992204,74.2368140617278,65.55582725819424
7570.13916015625,7700.59423828125,7561.40771484375,7679.8671875,7679.8671875,33070154491,21.0,167.3787068276588,92.86519261491401,74.51351421274478
7679.4189453125,7795.60107421875,7679.4189453125,7795.60107421875,7795.60107421875,36162144725,28.0,196.31660430754982,113.55547495344118,82.76112935410865
7796.97021484375,7814.52734375,7730.806640625,7807.05859375,7807.05859375,33187959921,26.0,217.66551010987132,134.3774819847272,83.28802812514411
7806.71240234375,8871.75390625,7786.04931640625,8801.0380859375,8801.0380859375,60201052203,26.0,311.2031535185579,169.74261629149336,141.46053722706452
8797.669921875,9440.650390625,8533.255859375,8658.5537109375,8658.5537109375,66964629541,44.0,369.5748823599097,209.70906950517661,159.86581285473306
8672.7822265625,9048.0234375,8667.763671875,8864.7666015625,8864.7666015625,44068389997,40.0,427.54606993663947,253.2764695914692,174.26960034517026
8869.0576171875,9007.1875,8811.3662109375,8988.5966796875,8988.5966796875,40134388683,40.0,477.9709545273927,298.2153665786539,179.75558794873876
8983.6142578125,9167.78125,8830.9716796875,8897.46875,8897.46875,47101785174,45.0,504.76120356755655,339.52453397643444,165.2366695911221
8895.7451171875,8956.90625,8645.0244140625,8912.654296875,8912.654296875,45718796276,44.0,521.2098331523857,375.86159381162474,145.34823934076098
8912.83203125,9062.4150390625,8856.8271484375,9003.0703125,9003.0703125,43148462663,40.0,535.3698965162548,407.76325435255075,127.60664216370407
9007.44140625,9411.4677734375,8966.7060546875,9268.76171875,9268.76171875,49371886931,42.0,561.5576378666792,438.52213105537646,123.03550681130275
9261.8955078125,9992.6640625,9138.322265625,9951.5185546875,9951.5185546875,61112700562,49.0,630.1405145793588,476.845807760173,153.29470681918576
9936.162109375,9996.7431640625,9767.1728515625,9842.666015625,9842.666015625,51780748042,55.0,668.0090557301246,515.0784573541633,152.93059837596127
9840.90625,9913.86328125,9580.64453125,9593.896484375,9593.896484375,46566121841,56.0,670.2206389738294,546.1068936780966,124.11374529573277
9591.1689453125,9595.5810546875,8395.107421875,8756.4306640625,8756.4306640625,63325279337,48.0,597.509128624466,556.3873406673706,41.12178795709542
8755.53515625,9033.470703125,8374.3232421875,8601.7958984375,8601.7958984375,57119858802,40.0,521.3966633877917,549.3892052114549,-27.992541823663146
8610.3857421875,8949.8984375,8569.6435546875,8804.4775390625,8804.4775390625,42142717533,39.0,471.99088374068015,533.9095409173,-61.91865717661983
8805.3876953125,9317.87890625,8805.3876953125,9269.9873046875,9269.9873046875,45558144023,41.0,465.0385204916238,520.1353368321647,-55.096816340540954
9271.3291015625,9793.2685546875,9255.03515625,9733.7216796875,9733.7216796875,56426907637,40.0,491.2849835245088,514.3652661706336,-23.08028264612483
9734.291015625,9755.828125,9261.3984375,9328.197265625,9328.197265625,48158802327,44.0,473.90023653361277,506.2722602432295,-32.37202370961671
9333.240234375,9564.205078125,9260.6943359375,9377.013671875,9377.013671875,36164766408,41.0,458.77332202184334,496.7724725989523,-37.999150577108935
9374.9296875,9823.001953125,9349.5458984375,9670.7392578125,9670.7392578125,40084250663,40.0,465.12466568972377,490.4429112171066,-25.318245527382828
9675.6953125,9906.0302734375,9570.359375,9726.5751953125,9726.5751953125,41827139896,50.0,469.2543725156738,486.2052034768201,-16.950830961146266
9727.0634765625,9836.0478515625,9539.6240234375,9729.0380859375,9729.0380859375,39254288955,50.0,467.33873953725015,482.4319106889061,-15.093171151655952
9725.3291015625,9804.7939453125,9447.201171875,9522.9814453125,9522.9814453125,36546239703,52.0,444.0745231135588,474.76043317383665,-30.68591006027782
9522.740234375,9555.2421875,8869.9306640625,9081.76171875,9081.76171875,39326160532,49.0,385.5898793736196,456.9263224137933,-71.33644304017366
9080.3349609375,9232.9365234375,9008.638671875,9182.5771484375,9182.5771484375,29810773699,42.0,343.4166471379267,434.22438735862,-90.80774022069329
9185.0625,9302.501953125,9118.1083984375,9209.287109375,9209.287109375,27727866812,40.0,308.59207008061276,409.09792390301857,-100.50585382240581
9212.283203125,9288.404296875,8787.2509765625,8790.3681640625,8790.3681640625,32518803300,43.0,244.37310301555954,376.1529597255268,-131.77985670996725
8786.107421875,8951.005859375,8719.66796875,8906.9345703125,8906.9345703125,31288157264,41.0,200.57296347153715,341.03696047472886,-140.4639970031917
8909.5859375,8991.9677734375,8757.2939453125,8835.052734375,8835.052734375,29584186947,39.0,158.2367194979106,304.4769122793652,-146.2401927814546
8837.380859375,9203.3203125,8834.1572265625,9181.017578125,9181.017578125,32740536902,39.0,150.8623652365477,273.7540028708017,-122.89163763425398
9184.9453125,9546.3193359375,9148.45703125,9525.7509765625,9525.7509765625,34367073114,41.0,170.86560818078942,253.17632393279922,-82.3107157520098
9528.35546875,9573.6669921875,9379.3388671875,9439.1240234375,9439.1240234375,32896642044,48.0,177.68006598547072,238.07707234333353,-60.39700635786281
9438.9140625,9704.0302734375,9366.7294921875,9700.4140625,9700.4140625,32722975141,48.0,201.83783443588618,230.82922476184407,-28.991390325957894
9700.10546875,9700.34375,9432.296875,9461.05859375,9461.05859375,27773290299,51.0,199.37083119121598,224.53754604771845,-25.166714856502466
9463.60546875,10199.5654296875,9450.8994140625,10167.2685546875,10167.2685546875,35198901068,50.0,251.50179896671762,229.93039663151828,21.571402335199338
10162.9736328125,10182.3408203125,9460.5712890625,9529.8037109375,9529.8037109375,39137252109,56.0,238.62713605331555,231.66974451587777,6.957391537437786
9533.7607421875,9682.859375,9471.8466796875,9656.7177734375,9656.7177734375,25007459262,48.0,235.94495059633846,232.5247857319699,3.4201648643685587
9655.8544921875,9887.6103515625,9525.2470703125,9800.63671875,9800.63671875,25921805072,54.0,242.6354054843614,234.54690968244822,8.088495801913183
9800.2158203125,9869.2373046875,9663.216796875,9665.533203125,9665.533203125,23509628646,53.0,234.3346505976624,234.50445786549108,-0.1698072678286735
9664.904296875,9773.431640625,9591.0244140625,9653.6796875,9653.6796875,20438419222,54.0,224.215150216658,232.44659633572448,-8.231446119066476
9653.0029296875,9768.498046875,9458.150390625,9758.8525390625,9758.8525390625,25015250846,54.0,222.12146542493974,230.38157015356757,-8.260104728627823
9760.0634765625,9782.306640625,9675.8857421875,9771.4892578125,9771.4892578125,21486346312,53.0,218.9578726772961,228.0968306583133,-9.1389579810172
9774.3603515625,9836.369140625,9664.7197265625,9795.7001953125,9795.7001953125,23717842783,52.0,215.9153847960697,225.6605414858646,-9.745156689794896
9794.119140625,9908.896484375,9728.291015625,9870.0947265625,9870.0947265625,25706567601,54.0,217.0057015153816,223.929573491768,-6.923871976386408
9870.078125,9938.2978515625,9263.0693359375,9321.78125,9321.78125,30247143440,52.0,171.64683242136016,213.47302527768645,-41.82619285632629
9320.6904296875,9540.4658203125,9285.8515625,9480.84375,9480.84375,22610564515,38.0,146.84191410073072,200.14680304229532,-53.3048889415646
9480.7353515625,9493.2119140625,9396.009765625,9475.27734375,9475.27734375,17564322315,38.0,125.29040535549939,185.17552350493614,-59.88511814943675
9477.5537109375,9482.2705078125,9347.59375,9386.7880859375,9386.7880859375,18991732746,40.0,99.91853713581258,168.12412623111143,-68.20558909529885
9386.03515625,9504.8603515625,8990.17578125,9450.7021484375,9450.7021484375,26699704768,37.0,84.00017770858358,151.29933652660586,-67.29915881802228
9454.2666015625,9579.4306640625,9400.4453125,9538.0244140625,9538.0244140625,21565537209,39.0,77.53714034156837,136.54689728959838,-59.00975694803
9533.7841796875,9540.4228515625,9327.33984375,9480.2548828125,9480.2548828125,20177709879,38.0,66.981497286597,122.6338172889981,-55.6523200024011
9481.5673828125,9482.7822265625,9328.3955078125,9411.8408203125,9411.8408203125,17770083003,40.0,52.490552616329296,108.60516435446435,-56.11461173813505
9410.2939453125,9440.8759765625,9274.2958984375,9288.0185546875,9288.0185546875,19632223107,39.0,30.661505800691884,93.01643264370986,-62.35492684301798
9290.9599609375,9394.9716796875,9247.3798828125,9332.3408203125,9332.3408203125,17130541557,38.0,16.745236683873372,77.76219345174256,-61.01695676786919
9330.9267578125,9401.107421875,9300.4306640625,9303.6298828125,9303.6298828125,15324301169,37.0,3.3610167298538727,62.881958107364824,-59.52094137751095
9300.9150390625,9655.0732421875,9296.8720703125,9648.7177734375,9648.7177734375,21104009514,38.0,20.364881069526746,54.37854269979721,-34.01366163027046
9644.076171875,9670.541015625,9547.2470703125,9629.658203125,9629.658203125,17006433272,41.0,31.934497025033124,49.88973356484439,-17.955236539811267
9632.1494140625,9680.3671875,9278.2333984375,9313.6103515625,9313.6103515625,18961716076,50.0,15.423290631624695,42.99644497820046,-27.573154346575762
9314.126953125,9340.1611328125,9095.32421875,9264.8134765625,9264.8134765625,18616048626,43.0,-1.5812319345113792,34.08090959565809,-35.66214153016947
9260.9951171875,9310.5166015625,9101.73828125,9162.91796875,9162.91796875,18341465837,40.0,-23.01426041513878,22.66187559349872,-45.6761360086375
9167.82421875,9207.810546875,8998.216796875,9045.390625,9045.390625,17273093144,43.0,-48.9196490633185,8.345570662135277,-57.265219725453775
9048.4609375,9197.546875,8975.525390625,9143.58203125,9143.58203125,14560870760,40.0,-60.82547216017156,-5.48863790232609,-55.33683425784547
9140.029296875,9237.5732421875,9041.8759765625,9190.8544921875,9190.8544921875,16460547078,41.0,-65.68920594007068,-17.528751509875008,-48.16045443019567
9185.5810546875,9217.8359375,9084.837890625,9137.9931640625,9137.9931640625,15735797744,44.0,-72.96808671845247,-28.616618551590502,-44.35146816686196
9145.9853515625,9309.7548828125,9104.7353515625,9228.3251953125,9228.3251953125,15971550355,42.0,-70.6333943884838,-37.01997371896916,-33.61342066951463
9231.1396484375,9274.962890625,9036.623046875,9123.41015625,9123.41015625,16338916796,42.0,-76.36857138408413,-44.889693251992156,-31.478878132091978
9124.8427734375,9202.3447265625,9058.794921875,9087.3037109375,9087.3037109375,13078970999,41.0,-82.87193280004794,-52.486141161603314,-30.38579163844463
9084.2333984375,9183.2958984375,9053.6298828125,9132.48828125,9132.48828125,12290528515,40.0,-83.41828234261084,-58.67256939780482,-24.745712944806016
9126.0908203125,9162.18359375,8977.015625,9073.9423828125,9073.9423828125,12903406143,38.0,-87.56602636279422,-64.4512607908027,-23.114765571991512
9072.849609375,9375.474609375,9058.6640625,9375.474609375,9375.474609375,17889263252,40.0,-65.76392709313586,-64.71379405126935,-1.0501330418665162
9349.1611328125,9360.6171875,9201.8154296875,9252.27734375,9252.27734375,13839652595,43.0,-57.76076592496065,-63.32318842600761,5.56242250104696
9253.0205078125,9450.3359375,9249.5,9428.3330078125,9428.3330078125,19702359883,44.0,-36.78791413379804,-58.0161335675657,21.228219433767663
9427.994140625,9431.37890625,9234.9990234375,9277.9677734375,9277.9677734375,18000702524,44.0,-31.931904627801487,-52.79928777961286,20.867383151811374
9273.357421875,9287.4716796875,9118.001953125,9278.8076171875,9278.8076171875,16860035605,41.0,-27.696446343868956,-47.778719492464084,20.082273148595128
9277.51171875,9293.5322265625,9199.4853515625,9240.3466796875,9240.3466796875,13249910444,44.0,-27.130547302680498,-43.64908505450737,16.51853775182687
9241.0546875,9319.4189453125,9197.4501953125,9276.5,9276.5,14452361907,41.0,-23.493973529783034,-39.618062749562505,16.12408921977947
9277.205078125,9306.4052734375,9224.29296875,9243.6142578125,9243.6142578125,17519821266,43.0,-23.000432502956755,-36.29453670024136,13.294104197284604
9238.703125,9283.841796875,9171.6611328125,9243.2138671875,9243.2138671875,18085038362,43.0,-22.3835818622465,-33.51234573264239,11.128763870395886
9241.8974609375,9275.3251953125,9171.93359375,9192.8369140625,9192.8369140625,15844731575,44.0,-25.663885092606506,-31.942653604635215,6.278768512028709
9191.98046875,9214.3125,9088.947265625,9132.2275390625,9132.2275390625,15713967523,43.0,-32.77639320650451,-32.109401525009076,-0.666991681495432
9131.8125,9182.25390625,9089.2021484375,9151.392578125,9151.392578125,13944570749,41.0,-36.446515898089274,-32.976824399625116,-3.469691498464158
9151.18359375,9230.9833984375,9100.82421875,9159.0400390625,9159.0400390625,12252601475,44.0,-38.29656937485015,-34.040773394670126,-4.255795980180025
9158.005859375,9201.3984375,9097.6328125,9185.8173828125,9185.8173828125,12939002784,41.0,-37.17352892929557,-34.66732450159522,-2.5062044277003537
9187.220703125,9214.2705078125,9137.509765625,9164.2314453125,9164.2314453125,13755604146,44.0,-37.591979105234714,-35.25225542232312,-2.339723682911597
9162.5146484375,9407.2626953125,9149.3896484375,9374.8876953125,9374.8876953125,18069581956,44.0,-20.68693888290727,-32.339192114439946,11.652253231532676
9375.080078125,9530.5185546875,9319.6533203125,9525.36328125,9525.36328125,16532254884,50.0,4.79724978638842,-24.911903734274276,29.709153520662696
9527.1416015625,9610.2470703125,9483.00390625,9581.072265625,9581.072265625,18146399002,55.0,29.152846502656757,-14.09895368688807,43.251800189544824
9585.5146484375,9623.3369140625,9481.4541015625,9536.892578125,9536.892578125,16552768325,53.0,44.378334995428304,-2.403495950424796,46.7818309458531
9539.4853515625,9704.556640625,9530.2119140625,9677.11328125,9677.11328125,16610070933,55.0,66.9870976251459,11.474622764689345,55.512474860456564
9680.234375,10023.8076171875,9652.84765625,9905.1669921875,9905.1669921875,20507998997,55.0,102.1294487331852,29.60558795838852,72.52386077479667
9905.2177734375,11298.2216796875,9903.9697265625,10990.873046875,10990.873046875,35359749590,58.0,215.10779144266598,66.70602865524401,148.40176278742197
11017.4638671875,11204.3271484375,10632.6318359375,10912.8232421875,10912.8232421875,28766551142,76.0,294.94602092439163,112.35402710907354,182.5919938153181
10912.953125,11304.3974609375,10856.1416015625,11100.4677734375,11100.4677734375,24617249715,71.0,369.10492661891476,163.70420701104177,205.400719607873
11099.8330078125,11169.3564453125,10895.455078125,11111.2138671875,11111.2138671875,22857247901,76.0,423.85754765742786,215.734875140319,208.12267251710887
11110.2109375,11415.8642578125,10987.0537109375,11323.466796875,11323.466796875,23160469766,75.0,478.85647251842965,268.35919461594113,210.49727790248852
11322.5703125,11794.775390625,11239.6826171875,11759.5927734375,11759.5927734375,26075670303,75.0,551.2804206393757,324.9434398206281,226.33698081874763
11758.7646484375,12034.14453125,11018.1298828125,11053.6142578125,11053.6142578125,27410067336,80.0,545.4230577140261,369.0393633993077,176.38369431471835
11043.7685546875,11453.0791015625,11012.4150390625,11246.3486328125,11246.3486328125,20271713443,75.0,549.993130262952,405.2301167720366,144.76301349091545
11246.203125,11385.3818359375,11094.1455078125,11205.892578125,11205.892578125,21250197042,72.0,544.078679831764,432.9998293839821,111.07885044778192
11203.8232421875,11786.6171875,11158.28515625,11747.0224609375,11747.0224609375,24411254471,75.0,576.4115804894445,461.6821796050746,114.72940088436991
11749.87109375,11902.3359375,11598.7138671875,11779.7734375,11779.7734375,23400740340,79.0,597.7874457391736,488.9032328318944,108.88421290727916
11778.89453125,11898.0380859375,11408.59375,11601.47265625,11601.47265625,23132312867,77.0,593.4991018238416,509.82240663028387,83.67669519355769
11604.5537109375,11800.064453125,11558.431640625,11754.0458984375,11754.0458984375,17572057837,77.0,595.5468505339231,526.9672954110117,68.57955512291142
11737.3251953125,11806.056640625,11548.7841796875,11675.7392578125,11675.7392578125,17489608833,79.0,584.1176697807514,538.3973702849597,45.720299495791664
11662.2568359375,12045.140625,11662.2568359375,11878.111328125,11878.111328125,26114112569,78.0,584.6502127508502,547.6479387781378,37.00227397271237
11881.6474609375,11932.7109375,11195.708984375,11410.525390625,11410.525390625,27039782640,84.0,541.10446407784,546.3392438380783,-5.234779760238325
11404.5966796875,11748.396484375,11249.60546875,11584.9345703125,11584.9345703125,25064548486,75.0,514.7339748751656,540.0181900454959,-25.2842151703303
11588.4052734375,11796.396484375,11216.8720703125,11784.1376953125,11784.1376953125,27522199497,75.0,504.0982685212166,532.8342057406401,-28.735937219423477
11772.6591796875,12150.994140625,11685.455078125,11768.87109375,11768.87109375,24237958589,78.0,488.8028919822682,524.0279429889657,-35.22505100669753
11768.697265625,11963.203125,11768.697265625,11865.6982421875,11865.6982421875,23354924400,79.0,478.97303454668327,515.0169613005093,-36.043926753825986
11866.685546875,11934.9013671875,11737.1884765625,11892.8037109375,11892.8037109375,20583375490,82.0,467.97545674619323,505.6086603896461,-37.63320364345287
11895.658203125,12359.056640625,11806.6962890625,12254.40234375,12254.40234375,28227687027,83.0,482.87154220667617,501.0612367530521,-18.18969454637596
12251.8955078125,12335.70703125,11954.525390625,11991.2333984375,11991.2333984375,26043227672,82.0,468.04592073675303,494.4581735497923,-26.412252813039288
11990.884765625,12028.923828125,11687.3330078125,11758.283203125,11758.283203125,24502851117,80.0,432.5136271301253,482.0692642658589,-49.555637135733605
11761.5,11900.4111328125,11710.0634765625,11878.3720703125,11878.3720703125,20175242945,75.0,409.32574402729733,467.5205602181466,-58.19481619084928
11878.0263671875,11899.259765625,11564.9794921875,11592.4892578125,11592.4892578125,23762425999,81.0,363.688451778331,446.7541385301835,-83.06568675185252
11585.4775390625,11689.4072265625,11448.8056640625,11681.8251953125,11681.8251953125,20224191306,78.0,330.914654269558,423.58624167805846,-92.67158740850044
11679.6962890625,11713.4296875,11559.9208984375,11664.84765625,11664.84765625,18482062658,76.0,300.1117368173054,398.8913407059079,-98.77960388860248
11663.689453125,11807.6318359375,11623.25,11774.595703125,11774.595703125,20681511755,78.0,281.31315011035804,375.37570258679796,-94.06255247643992
11773.5888671875,11778.2998046875,11189.8505859375,11366.134765625,11366.134765625,26301509932,75.0,230.7952863073624,346.45961933091087,-115.66433302354847
11366.89453125,11530.052734375,11296.9931640625,11488.36328125,11488.36328125,22466660958,76.0,198.33604057074263,316.83490357887723,-118.4988630081346
11485.6083984375,11570.7861328125,11185.94140625,11323.3974609375,11323.3974609375,23240415076,75.0,157.48510122999141,284.9649431091001,-127.47984187910868
11325.2958984375,11545.615234375,11316.4228515625,11542.5,11542.5,19807127588,74.0,141.16294274031497,256.2045430353431,-115.0416002950281
11541.0546875,11585.640625,11466.29296875,11506.865234375,11506.865234375,17485597759,79.0,123.92357295933834,229.74834902014214,-105.8247760608038
11508.7138671875,11715.2646484375,11492.3818359375,11711.505859375,11711.505859375,19760127945,75.0,125.32931802598978,208.8645428213117,-83.53522479532191
11713.306640625,11768.876953125,11598.318359375,11680.8203125,11680.8203125,22285928250,75.0,122.5545810138101,191.60255045981137,-69.04796944600128
11679.31640625,12067.0810546875,11601.12890625,11970.478515625,11970.478515625,27311555343,75.0,142.09064564371147,181.7001694965914,-39.60952385287993
11964.8232421875,11964.8232421875,11290.7939453125,11414.0341796875,11414.0341796875,28037405299,83.0,111.3886906135067,167.63787371997446,-56.24918310646777
11407.19140625,11443.0224609375,10182.46484375,10245.296875,10245.296875,31927261555,79.0,-7.167539947777186,132.67679098642415,-139.84433093420134
10230.365234375,10663.919921875,10207.9404296875,10511.8134765625,10511.8134765625,29965130374,40.0,-78.71121060536098,90.39919066806713,-169.11040127342812
10512.5302734375,10581.5712890625,9946.67578125,10169.5673828125,10169.5673828125,44916565292,41.0,-161.16863286579974,40.085625961293765,-201.2542588270935
10167.216796875,10353.927734375,10056.8857421875,10280.3515625,10280.3515625,37071460174,41.0,-215.09786237835579,-10.95107170663615,-204.14679067171963
10280.998046875,10399.1533203125,9916.4931640625,10369.5634765625,10369.5634765625,33703098409,41.0,-247.78223010681722,-58.31730338667237,-189.46492672014486
10369.306640625,10414.775390625,9945.1103515625,10131.5166015625,10131.5166015625,33430927462,41.0,-289.55540590425153,-104.56492389018821,-184.99048201406333
10134.1513671875,10350.54296875,10017.2509765625,10242.34765625,10242.34765625,24128292755,38.0,-310.14267709920205,-145.68047453199097,-164.46220256721108
10242.330078125,10503.912109375,10238.1357421875,10363.138671875,10363.138671875,54406443211,38.0,-313.1021655114928,-179.16481272789133,-133.93735278360145
10369.0283203125,10434.9228515625,10140.8369140625,10400.9150390625,10400.9150390625,45201121775,41.0,-308.8392377909331,-205.0996977404997,-103.73954005043342
10409.861328125,10578.837890625,10292.38671875,10442.1708984375,10442.1708984375,36750077324,41.0,-298.6887359766388,-223.81750538772752,-74.87123058891126
10452.3994140625,10577.21484375,10224.330078125,10323.755859375,10323.755859375,36506852789,38.0,-296.77841731826993,-238.40968777383603,-58.368729544433904
10328.734375,10800.0107421875,10266.0087890625,10680.837890625,10680.837890625,35453581940,39.0,-263.41446240281584,-243.410642699632,-20.003819703183837
10677.7548828125,10938.6318359375,10656.4599609375,10796.951171875,10796.951171875,32509451925,47.0,-225.01013953569054,-239.73054206684373,14.720402531153184
10797.76171875,11100.1240234375,10704.884765625,10974.9052734375,10974.9052734375,30769986455,43.0,-178.16129568853285,-227.41669279118156,49.255397102648715
10973.251953125,11037.4208984375,10774.6279296875,10948.990234375,10948.990234375,38151810523,48.0,-141.49332945784226,-210.2320201245137,68.73869066667143
10951.8203125,11034.908203125,10829.6572265625,10944.5859375,10944.5859375,26341903912,49.0,-111.50374621348055,-190.48636534230707,78.98261912882651
10933.7529296875,11134.0927734375,10909.6181640625,11094.3466796875,11094.3466796875,22764204008,48.0,-74.79021014993668,-167.34713430383297,92.55692415389629
11095.8701171875,11095.8701171875,10814.4775390625,10938.271484375,10938.271484375,24699523788,52.0,-57.62417656211619,-145.40254275548963,87.77836619337344
10934.92578125,10988.3046875,10380.2607421875,10462.259765625,10462.259765625,28884999244,48.0,-81.49076397551107,-132.62018699949394,51.129423023982866
10459.6240234375,10568.0771484375,10382.7265625,10538.4599609375,10538.4599609375,23621787804,39.0,-93.18233951406182,-124.73261750240752,31.550277988345698
10535.4921875,10537.828125,10197.865234375,10246.1865234375,10246.1865234375,23788661867,43.0,-124.59575878769465,-124.70524575946494,0.10948697177029487
10248.7861328125,10771.056640625,10231.490234375,10760.06640625,10760.06640625,47144380902,39.0,-106.79425037273177,-121.12304668211831,14.328796309386547
10761.109375,10777.6962890625,10578.9140625,10692.716796875,10692.716796875,39348590957,46.0,-97.0027895376752,-116.2989952532297,19.296205715554507
10695.5751953125,10772.9990234375,10667.28125,10750.7236328125,10750.7236328125,46852525493,45.0,-83.59864624980582,-109.75892545254493,26.160279202739105
10746.892578125,10803.9765625,10622.921875,10775.26953125,10775.26953125,53745972818,47.0,-70.186056091934,-101.84435158042275,31.658295488488747
10776.61328125,10945.34765625,10703.8935546875,10709.65234375,10709.65234375,47762394731,43.0,-64.11219493016142,-94.2979202503705,30.185725320209073
10709.650390625,10860.0009765625,10649.4951171875,10844.640625,10844.640625,46582396602,45.0,-47.85455255349916,-85.00924671099624,37.154694157497076
10843.87109375,10847.2568359375,10669.3212890625,10784.4912109375,10784.4912109375,44171073700,49.0,-39.36997628556128,-75.88139262590924,36.511416340347964
10795.2548828125,10933.6240234375,10472.3564453125,10619.4521484375,10619.4521484375,40023134100,45.0,-45.43936480742923,-69.79298706221324,24.353622254784014
10619.8212890625,10657.837890625,10416.689453125,10575.974609375,10575.974609375,48661453918,41.0,-53.145049930031746,-66.46339963577695,13.318349705745206
10575.1005859375,10598.9404296875,10511.1298828125,10549.3291015625,10549.3291015625,44660271563,40.0,-60.702193598823214,-65.31115842838621,4.608964829562993
10550.4404296875,10686.0,10534.3916015625,10669.5830078125,10669.5830078125,71251776995,42.0,-56.33836556327333,-63.51659985536364,7.178234292090309
10676.529296875,10793.5078125,10634.6005859375,10793.33984375,10793.33984375,47537578009,42.0,-42.405039129431316,-59.29428771017718,16.889248580745864
10796.306640625,10797.578125,10528.890625,10604.40625,10604.40625,42623695307,47.0,-46.07699268833494,-56.650828705808735,10.573836017473795
10603.35546875,10680.5078125,10562.5068359375,10668.96875,10668.96875,37799458436,43.0,-43.27850054572809,-53.97636307379261,10.697862528064519
10669.37109375,10945.7373046875,10562.6064453125,10915.685546875,10915.685546875,63314794397,46.0,-20.911635434902564,-47.36341754601461,26.451782111112045
10927.9130859375,11102.671875,10846.8505859375,11064.4580078125,11064.4580078125,22799117613,48.0,8.718459589217673,-36.14704211896815,44.865501708185825
11059.142578125,11442.2109375,11056.9404296875,11296.361328125,11296.361328125,22877978588,53.0,50.332976005247474,-18.851038494125028,69.1840144993725
11296.08203125,11428.8134765625,11288.6279296875,11384.181640625,11384.181640625,19968627060,55.0,89.36895566446947,2.792960337593872,86.5759953268756
11392.6357421875,11698.4677734375,11240.6865234375,11555.36328125,11555.36328125,26163972642,52.0,132.5897662659736,28.752321523269817,103.83744474270378
11548.7197265625,11548.984375,11321.224609375,11425.8994140625,11425.8994140625,24241420251,56.0,154.6136282862044,53.924582875856736,100.68904541034766
11429.0478515625,11539.9775390625,11307.8310546875,11429.5068359375,11429.5068359375,24103426719,53.0,170.39458371332148,77.2185830433497,93.17600066997178
11426.6025390625,11569.9140625,11303.603515625,11495.349609375,11495.349609375,24487233058,56.0,186.06917648783383,98.98870173224653,87.0804747555873
11502.828125,11540.0615234375,11223.0126953125,11322.123046875,11322.123046875,25635480772,52.0,182.41075072441345,115.6731115306799,66.73763919373354
11322.123046875,11386.26171875,11285.345703125,11358.1015625,11358.1015625,19130430174,56.0,180.3357887576367,128.60564697607126,51.730141781565436
11355.982421875,11483.359375,11347.578125,11483.359375,11483.359375,18283314340,55.0,186.64707381207154,140.21393234327132,46.433141468800216
11495.0380859375,11799.0927734375,11408.2900390625,11742.037109375,11742.037109375,23860769928,55.0,210.10004149646193,154.19115417390947,55.90888732255246
11745.974609375,11999.91796875,11681.48046875,11916.3349609375,11916.3349609375,30915821592,56.0,239.98467337957118,171.34985801504183,68.63481536452935
11913.0771484375,13184.56640625,11900.9287109375,12823.689453125,12823.689453125,43414712626,61.0,333.04524561770995,203.68893553557547,129.35631008213448
12801.6357421875,13161.59375,12717.09375,12965.8916015625,12965.8916015625,34729759598,73.0,413.5043240771629,245.65201324389295,167.85231083326994
12971.548828125,13015.9619140625,12752.6474609375,12931.5390625,12931.5390625,28974975003,74.0,469.08939013497184,290.3394886221088,178.74990151286306
12931.57421875,13145.06640625,12885.7470703125,13108.0625,13108.0625,24542317940,73.0,521.3748370163303,336.54655830095305,184.82827871537722
13108.0634765625,13329.18359375,12910.0615234375,13031.173828125,13031.173828125,24406920575,76.0,550.2640556254701,379.2900577658565,170.97399785961358
13031.201171875,13225.2978515625,12822.3828125,13075.248046875,13075.248046875,29461458313,75.0,570.1431354545639,417.46067330359796,152.68246215096593
13075.2421875,13759.6689453125,13060.837890625,13654.21875,13654.21875,33749878156,61.0,625.4062525448262,459.04978915184364,166.35646339298256
13654.21484375,13837.6953125,12932.2509765625,13271.28515625,13271.28515625,35867318895,70.0,631.0290205352612,493.44563542852717,137.58338510673406
13271.298828125,13612.0478515625,12980.0595703125,13437.8828125,13437.8828125,56499499598,67.0,641.5329507068527,523.0630984841923,118.46985222266039
13437.8740234375,13651.5166015625,13136.1982421875,13546.5224609375,13546.5224609375,30581485201,74.0,651.1180195120105,548.674082689756,102.4439368222545
13546.5322265625,14028.2138671875,13457.5302734375,13780.9951171875,13780.9951171875,30306464719,73.0,669.9119118720428,572.9216485262134,96.99026334582936
13780.9951171875,13862.033203125,13628.3779296875,13737.109375,13737.109375,24453857900,72.0,673.5012907047221,593.0375769619152,80.46371374280693
13737.0322265625,13808.3232421875,13243.16015625,13550.4892578125,13550.4892578125,30771455468,71.0,653.751178838389,605.18029733721,48.570881501178974
13550.451171875,13984.9814453125,13325.44140625,13950.30078125,13950.30078125,29869951617,71.0,662.7210853274355,616.6884549352552,46.032630392180295
13950.48828125,14218.7666015625,13580.4716796875,14133.70703125,14133.70703125,35116364962,74.0,676.8271108065765,628.7161861095195,48.11092469705693
14133.7333984375,15706.404296875,14102.0888671875,15579.8486328125,15579.8486328125,40856321439,72.0,795.5274339042589,662.0784356684675,133.44899823579146
15579.7294921875,15903.4375,15226.83984375,15565.880859375,15565.880859375,39837841971,90.0,878.3461845025395,705.3319854352819,173.01419906725755
15565.880859375,15737.095703125,14423.203125,14833.75390625,14833.75390625,35024953706,88.0,874.8197371778024,739.2295357837861,135.59020139401628
14833.75390625,15637.3203125,14744.1103515625,15479.5673828125,15479.5673828125,26632075029,82.0,913.6052795730611,774.1046845416411,139.50059503142006
15479.595703125,15785.13671875,14865.529296875,15332.3154296875,15332.3154296875,34149115566,90.0,921.834762059967,803.6507000453064,118.18406201466064
15332.3505859375,15450.3291015625,15124.9599609375,15290.90234375,15290.90234375,25574938143,90.0,914.4735148503078,825.8152630063067,88.65825184400103
15290.9091796875,15916.2607421875,15290.0068359375,15701.33984375,15701.33984375,29772374934,86.0,931.0262583202275,846.857462069091,84.16879625113654
15701.298828125,16305.00390625,15534.771484375,16276.34375,16276.34375,34175758344,87.0,979.2542036078266,873.3368103768381,105.91739323098852
16276.4404296875,16463.177734375,15992.15234375,16317.80859375,16317.80859375,31599492172,89.0,1009.18777558691,900.5070034188525,108.6807721680575
16317.80859375,16317.80859375,15749.193359375,16068.138671875,16068.138671875,27481710135,90.0,1001.222600029645,920.650122741011,80.57247728863399
16068.1396484375,16123.1103515625,15793.5341796875,15955.587890625,15955.587890625,23653867583,86.0,974.5937238092283,931.4388429546545,43.154880854573776
15955.5771484375,16816.181640625,15880.7060546875,16716.111328125,16716.111328125,31526766675,90.0,1003.2926992911343,945.8096142219505,57.48308506918386
16685.69140625,17782.919921875,16564.544921875,17645.40625,17645.40625,39006849170,86.0,1088.4759051967158,974.3428724169037,114.13303277981208
17645.19140625,18393.94921875,17352.90625,17804.005859375,17804.005859375,49064800278,91.0,1155.4624210535476,1010.5667821442325,144.89563890931504
17803.861328125,18119.546875,17382.5546875,17817.08984375,17817.08984375,36985055355,94.0,1195.820807774102,1047.6175872702065,148.2032205038954
17817.083984375,18773.2265625,17765.794921875,18621.314453125,18621.314453125,36992873940,86.0,1277.967708570557,1093.6876115302766,184.28009704028045
18621.31640625,18936.62109375,18444.359375,18642.232421875,18642.232421875,39650210707,91.0,1329.4327513333592,1140.836639490893,188.59611184246614
18642.232421875,18688.96875,17671.384765625,18370.001953125,18370.001953125,41280434226,94.0,1332.8877445796188,1179.2468605086383,153.64088407098052
18370.017578125,18711.42578125,18000.796875,18364.12109375,18364.12109375,42741112308,90.0,1319.9359158101124,1207.3846715689333,112.55124424117912
18365.015625,19348.271484375,18128.65625,19107.46484375,19107.46484375,51469565009,88.0,1354.0445438019779,1236.7166460155422,117.32789778643564
19104.41015625,19390.96484375,18581.146484375,18732.12109375,18732.12109375,43710357371,94.0,1335.3951692223636,1256.4523506569067,78.94281856545695
18729.83984375,18866.28515625,16351.03515625,17150.623046875,17150.623046875,61396835737,93.0,1179.4062689409293,1241.043134313711,-61.63686537278181
17153.9140625,17445.0234375,16526.423828125,17108.40234375,17108.40234375,38886494645,86.0,1040.3841825003074,1200.9113439510304,-160.52716145072304
17112.93359375,17853.939453125,16910.65234375,17717.4140625,17717.4140625,32601040734,87.0,968.1896458160554,1154.3670043240354,-186.17735850798
17719.634765625,18283.62890625,17559.1171875,18177.484375,18177.484375,31133957704,89.0,937.2942400569882,1110.9524514706259,-173.65821141363767
18178.322265625,19749.263671875,18178.322265625,19625.8359375,19625.8359375,47728480399,88.0,1017.94503836476,1092.3509688494528,-74.40593048469282
19633.76953125,19845.974609375,18321.921875,18802.998046875,18802.998046875,49633658712,95.0,1003.8929826487438,1074.659371609311,-70.76638896056716
18801.744140625,19308.330078125,18347.71875,19201.091796875,19201.091796875,37387697139,92.0,1013.1999277983159,1062.3674828471121,-49.1675550487962
19205.92578125,19566.19140625,18925.78515625,19445.3984375,19445.3984375,31930317405,92.0,1028.4341048423012,1055.58080724615,-27.14670240384885
19446.966796875,19511.404296875,18697.193359375,18699.765625,18699.765625,33872388058,92.0,969.1689866591878,1038.2984431287578,-69.12945646956996
18698.384765625,19160.44921875,18590.193359375,19154.23046875,19154.23046875,27242455064,93.0,947.9451467104918,1020.2277838451046,-72.28263713461274
19154.1796875,19390.5,18897.89453125,19345.12109375,19345.12109375,25293775714,95.0,935.7417305488561,1003.330573185855,-67.58884263699883
19343.12890625,19411.828125,18931.142578125,19191.630859375,19191.630859375,26896357742,94.0,903.27269086468,983.31899672162,-80.04630585693997
19191.529296875,19283.478515625,18269.9453125,18321.14453125,18321.14453125,31692288756,95.0,798.0997738729202,946.2751521518801,-148.1753782789599
18320.884765625,18626.29296875,17935.546875,18553.916015625,18553.916015625,34420373071,86.0,725.1728516343901,902.0546920483821,-176.881840413992
18553.298828125,18553.298828125,17957.064453125,18264.9921875,18264.9921875,25547132265,94.0,636.7242413505301,848.9886019088117,-212.26436055828162
18263.9296875,18268.453125,17619.533203125,18058.904296875,18058.904296875,27919640985,89.0,543.730720749496,787.9370256769487,-244.20630492745272
18051.3203125,18919.55078125,18046.041015625,18803.65625,18803.65625,21752580802,90.0,524.0866000635069,735.1669405542605,-211.08034049075354
18806.765625,19381.53515625,18734.33203125,19142.3828125,19142.3828125,25450468637,91.0,529.7443327162109,694.0824189866505,-164.3380862704396
19144.4921875,19305.099609375,19012.708984375,19246.64453125,19246.64453125,22473997681,95.0,536.4572309316754,662.5573813756555,-126.10015044398006
19246.919921875,19525.0078125,19079.841796875,19417.076171875,19417.076171875,26741982541,91.0,549.1988378348833,639.8856726675011,-90.68683483261782
19418.818359375,21458.908203125,19298.31640625,21310.59765625,21310.59765625,44409011479,92.0,703.9730489731846,652.7031479286379,51.269901044546714
21308.3515625,23642.66015625,21234.67578125,22805.162109375,22805.162109375,71378606374,92.0,936.4369251972348,709.4499033823574,226.98702181487738
22806.796875,23238.6015625,22399.8125,23137.9609375,23137.9609375,40387896275,95.0,1134.443151545729,794.4485530150317,339.9945985306973
23132.865234375,24085.85546875,22826.47265625,23869.83203125,23869.83203125,38487546580,93.0,1335.0309870575657,902.5650398235387,432.465947234027
23861.765625,24209.66015625,23147.7109375,23477.294921875,23477.294921875,37844228422,92.0,1445.6591686958127,1011.1838655979936,434.47530309781905
23474.455078125,24059.982421875,22159.3671875,22803.08203125,22803.08203125,45852713981,92.0,1462.0755571238296,1101.362203903161,360.71335322066875
22794.0390625,23789.90234375,22430.60546875,23783.029296875,23783.029296875,44171632681,88.0,1536.448001644374,1188.3793634514036,348.0686381929704
23781.974609375,24024.490234375,22802.646484375,23241.345703125,23241.345703125,51146161904,93.0,1533.9964050961462,1257.502771780352,276.4936333157941
23240.203125,23768.337890625,22777.59765625,23735.94921875,23735.94921875,41080759713,86.0,1554.0497491598253,1316.8121672562468,237.23758190357853
23733.5703125,24710.1015625,23463.673828125,24664.791015625,24664.791015625,42068395846,94.0,1626.146731875986,1378.679080180195,247.46765169579112
24677.015625,26718.0703125,24522.689453125,26437.037109375,26437.037109375,48332647295,93.0,1805.477141974101,1464.0386925389762,341.43844943512477
26439.373046875,28288.83984375,25922.76953125,26272.294921875,26272.294921875,66479895605,91.0,1912.2611105185133,1553.6831761348838,358.57793438362955
26280.822265625,27389.111328125,26207.640625,27084.80859375,27084.80859375,49056742893,92.0,2038.9475199775952,1650.736044903426,388.21147507416913
27081.810546875,27370.720703125,25987.298828125,27362.4375,27362.4375,45265946774,91.0,2137.1144199671617,1748.0117199161734,389.10270005098823
27360.08984375,28937.740234375,27360.08984375,28840.953125,28840.953125,51287442704,91.0,2307.6154949451156,1859.932474921962,447.68302002315363
28841.57421875,29244.876953125,28201.9921875,29001.720703125,29001.720703125,46754964848,95.0,2427.726109835872,1973.4912019047442,454.23490793112796
28994.009765625,29600.626953125,28803.5859375,29374.15234375,29374.15234375,40730301359,94.0,2523.873120072669,2083.5675855383292,440.3055345343396
29376.455078125,33155.1171875,29091.181640625,32127.267578125,32127.267578125,67865420765,94.0,2790.0616155066527,2224.866391531994,565.1952239746588
32129.408203125,34608.55859375,32052.31640625,32782.0234375,32782.0234375,78665235202,93.0,3019.0495181984443,2383.703016865284,635.3465013331602
32810.94921875,33440.21875,28722.755859375,31971.9140625,31971.9140625,81163475344,94.0,3099.426762265248,2526.847765945277,572.5789963199709
31977.041015625,34437.58984375,30221.1875,33992.4296875,33992.4296875,67547324782,93.0,3288.2600174484724,2679.130216245916,609.1298012025563
34013.61328125,36879.69921875,33514.03515625,36824.36328125,36824.36328125,75289433811,95.0,3624.642483917396,2868.2326697802123,756.4098141371837
36833.875,40180.3671875,36491.19140625,39371.04296875,39371.04296875,84762141031,91.0,4050.0374685136485,3104.5936295269,945.4438389867487
39381.765625,41946.73828125,36838.63671875,40797.609375,40797.609375,88107519480,93.0,4450.970033370955,3373.8689102957114,1077.1011230752438
40788.640625,41436.3515625,38980.875,40254.546875,40254.546875,61984162837,93.0,4671.046458448669,3633.304419926303,1037.7420385223659
40254.21875,41420.19140625,35984.62890625,38356.44140625,38356.44140625,79980747690,94.0,4638.823888470248,3834.408313635092,804.4155748351559
38346.53125,38346.53125,30549.599609375,35566.65625,35566.65625,123320567399,90.0,4338.167231282372,3935.1600971645485,403.0071341178236
35516.359375,36568.52734375,32697.9765625,33922.9609375,33922.9609375,74773277909,84.0,3922.0512244396414,3932.538322619567,-10.487098179925852
33915.12109375,37599.9609375,32584.66796875,37316.359375,37316.359375,69364315979,78.0,3822.0371203669674,3910.4380821690474,-88.40096180208002
37325.109375,39966.40625,36868.5625,39187.328125,39187.328125,63615990033,83.0,3849.37358161639,3898.225182058516,-48.851600442126255
39156.70703125,39577.7109375,34659.58984375,36825.3671875,36825.3671875,67760757881,88.0,3638.504995482843,3846.2811447433814,-207.77614926053866
36821.6484375,37864.3671875,35633.5546875,36178.140625,36178.140625,57706187875,84.0,3380.1995113841076,3753.064818071527,-372.86530668741943
36163.6484375,36722.3515625,34069.3203125,35791.27734375,35791.27734375,52359854336,79.0,3108.441739168469,3624.140202290916,-515.6984631224468
35792.23828125,37299.28515625,34883.84375,36630.07421875,36630.07421875,49511702429,79.0,2927.014839407857,3484.7151297143046,-557.7002903064476
36642.234375,37755.890625,36069.8046875,36069.8046875,36069.8046875,57244195486,80.0,2706.821096767402,3329.1363231249243,-622.3152263575221
36050.11328125,36378.328125,33570.4765625,35547.75,35547.75,66834573161,78.0,2461.8122794933442,3155.6715143986085,-693.8592349052642
35549.3984375,35552.6796875,30250.75,30825.69921875,30825.69921875,75643067688,75.0,1865.111152019439,2897.559441922775,-1032.448289903336
30817.625,33811.8515625,28953.373046875,33005.76171875,33005.76171875,77207272511,40.0,1550.2635603858143,2628.1002656153833,-1077.836705229569
32985.7578125,33360.9765625,31493.16015625,32067.642578125,32067.642578125,48354737975,74.0,1211.085560732572,2344.697324638821,-1133.611763906249
32064.376953125,32944.0078125,31106.685546875,32289.37890625,32289.37890625,48643830599,70.0,949.2346349204017,2065.604786695137,-1116.3701517747354
32285.798828125,34802.7421875,32087.787109375,32366.392578125,32366.392578125,59897054838,74.0,739.4068277251645,1800.3651949011426,-1060.958367175978
32358.61328125,32794.55078125,31030.265625,32569.849609375,32569.849609375,60255421470,71.0,582.8157239798966,1556.8553007168935,-974.0395767369969
32564.029296875,32564.029296875,29367.138671875,30432.546875,30432.546875,62576762015,78.0,282.99152743184095,1302.082546059883,-1019.0910186280421
30441.041015625,33858.3125,30023.20703125,33466.09765625,33466.09765625,76517157706,55.0,286.85421037929336,1099.0368789237652,-812.1826685444719
34318.671875,38406.26171875,32064.814453125,34316.38671875,34316.38671875,117894572511,77.0,354.44086200046877,950.1176755391059,-595.6768135386371
34295.93359375,34834.70703125,32940.1875,34269.5234375,34269.5234375,65141828798,76.0,399.6157733190412,840.017295095093,-440.4015217760518
34270.87890625,34288.33203125,32270.17578125,33114.359375,33114.359375,52754542671,78.0,338.30535670745303,739.674907417565,-401.369550710112
33114.578125,34638.21484375,32384.228515625,33537.17578125,33537.17578125,61400400660,77.0,320.14374240541656,655.7686744151354,-335.6249320097188
33533.19921875,35896.8828125,33489.21875,35510.2890625,35510.2890625,63088585433,76.0,459.6655457453453,616.5480486811774,-156.88250293583212
35510.8203125,37480.1875,35443.984375,37472.08984375,37472.08984375,61166818159,78.0,720.2360745501865,637.2856538549793,82.95042069520719
37475.10546875,38592.17578125,36317.5,36926.06640625,36926.06640625,68838074392,80.0,872.6215300291951,684.3528290898225,188.2687009393726
36931.546875,38225.90625,36658.76171875,38144.30859375,38144.30859375,58598066402,81.0,1079.2491522132696,763.332093714512,315.91705849875757
38138.38671875,40846.546875,38138.38671875,39266.01171875,39266.01171875,71326033653,84.0,1318.3183459220163,874.3293441560129,443.9890017660034
39250.19140625,39621.8359375,37446.15234375,38903.44140625,38903.44140625,65500641143,86.0,1461.6767109824577,991.798817521302,469.87789346115574
38886.828125,46203.9296875,38076.32421875,46196.46484375,46196.46484375,101467222687,83.0,2139.1168813462573,1221.262430286293,917.8544510599643
46184.9921875,48003.72265625,45166.9609375,46481.10546875,46481.10546875,91809846886,95.0,2668.20382386665,1510.6507090023645,1157.5531148642856
46469.76171875,47145.56640625,43881.15234375,44918.18359375,44918.18359375,87301089896,92.0,2927.646221010924,1794.0498114040765,1133.5964096068474
44898.7109375,48463.46875,44187.76171875,47909.33203125,47909.33203125,81388911810,93.0,3336.159698448624,2102.4717888129862,1233.6879096356379
47877.03515625,48745.734375,46424.9765625,47504.8515625,47504.8515625,76555041196,92.0,3585.9349530827385,2399.1644216669365,1186.770531415802
47491.203125,48047.74609375,46392.28125,47105.515625,47105.515625,70250456155,92.0,3708.906602547271,2661.1128578430034,1047.7937447042677
47114.5078125,49487.640625,47114.5078125,48717.2890625,48717.2890625,71248675228,95.0,3891.559689278205,2907.202224130044,984.3574651481608
48696.53515625,48875.5703125,46347.4765625,47945.05859375,47945.05859375,77069903166,93.0,3928.7132703861644,3111.5044333812684,817.2088370048959
47944.45703125,50341.1015625,47201.3046875,49199.87109375,49199.87109375,77049582886,95.0,4013.1495431016665,3291.8334553253485,721.316087776318
49207.27734375,52533.9140625,49072.37890625,52149.0078125,52149.0078125,80820545404,95.0,4268.828189681037,3487.2324021964864,781.5957874845503
52140.97265625,52474.10546875,51015.765625,51679.796875,51679.796875,52054723579,91.0,4383.068670594432,3666.399655876076,716.6690147183558
51675.98046875,56113.65234375,50937.27734375,55888.1328125,55888.1328125,63495496918,93.0,4758.331530477073,3884.7860307962756,873.5454996807975
55887.3359375,57505.2265625,54626.55859375,56099.51953125,56099.51953125,68145460026,91.0,5014.977651476547,4110.824354932331,904.1532965442166
56068.56640625,58330.5703125,55672.609375,57539.9453125,57539.9453125,51897585191,91.0,5273.808690063306,4343.421221958526,930.38746810478
57532.73828125,57533.390625,48967.56640625,54207.3203125,54207.3203125,92052420332,94.0,5150.645729525138,4504.866123471849,645.7796060532892
54204.9296875,54204.9296875,45290.58984375,48824.42578125,48824.42578125,106102492824,94.0,4566.049023140251,4517.10270340553,48.94631973472133
48835.0859375,51290.13671875,47213.5,49705.33203125,49705.33203125,63695521388,76.0,4126.268637532259,4438.935890230876,-312.6672526986167
49709.08203125,51948.96875,47093.8515625,47093.8515625,47093.8515625,54506565949,79.0,3526.3651226680886,4256.421736718318,-730.0566140502297
47180.46484375,48370.78515625,44454.84375,46339.76171875,46339.76171875,350967941479,55.0,2956.0134340546356,3996.340076185582,-1040.3266421309463
46344.7734375,48253.26953125,45269.02734375,46188.453125,46188.453125,45910946382,56.0,2463.3997339694033,3689.7520077423464,-1226.3522737729431
46194.015625,46716.4296875,43241.6171875,45137.76953125,45137.76953125,53443887451,55.0,1965.5606824471251,3344.9137426833026,-1379.3530602361775
45159.50390625,49784.015625,45115.09375,49631.2421875,49631.2421875,53891300112,38.0,1911.5699487621823,3058.2449838990788,-1146.6750351368964
49612.10546875,50127.51171875,47228.84375,48378.98828125,48378.98828125,47530897720,78.0,1747.5903449633042,2796.114056111924,-1048.52371114862
48415.81640625,52535.13671875,48274.3203125,50538.2421875,50538.2421875,53220811975,78.0,1771.4489117737103,2591.1810272442817,-819.7321154705714
50522.3046875,51735.08984375,47656.9296875,48561.16796875,48561.16796875,52343816680,84.0,1612.2387468186425,2395.392571159154,-783.1538243405116
48527.03125,49396.4296875,46542.515625,48927.3046875,48927.3046875,48625928883,77.0,1498.3358344969383,2215.9812238267114,-717.645389329773
48899.23046875,49147.21875,47257.52734375,48912.3828125,48912.3828125,34363564661,77.0,1390.8302597776856,2050.951031016906,-660.1207712392206
48918.6796875,51384.3671875,48918.6796875,51206.69140625,51206.69140625,43137459378,76.0,1473.7740960685478,1935.5156440272347,-461.74154795868685
51174.1171875,52314.0703125,49506.0546875,52246.5234375,52246.5234375,48597428048,81.0,1604.9130005435145,1869.3951153304906,-264.4821147869761
52272.96875,54824.1171875,51981.83203125,54824.1171875,54824.1171875,50912227385,81.0,1894.9875638724188,1874.5136050388764,20.473958833542383
54824.01171875,57258.25390625,53290.890625,56008.55078125,56008.55078125,57295577614,68.0,2195.143390895093,1938.63956221012,256.5038286849731
55963.1796875,58091.0625,54484.59375,57805.12109375,57805.12109375,56772343595,73.0,2548.608483822878,2060.6333465326716,487.9751372902065
57821.21875,57996.62109375,55376.6484375,57332.08984375,57332.08984375,55689944702,70.0,2758.7611665005097,2200.258910526239,558.5022559742706
57343.37109375,61683.86328125,56217.97265625,61243.0859375,61243.0859375,60669829814,74.0,3203.960122897508,2400.999153000493,802.9609698970148
61221.1328125,61597.91796875,59302.31640625,59302.31640625,59302.31640625,43901225564,78.0,3361.4311361242435,2593.0855496252434,768.3455864990001
59267.4296875,60540.9921875,55393.1640625,55907.19921875,55907.19921875,66419369890,76.0,3175.6633949358,2709.6011186873548,466.0622762484454
55840.78515625,56833.1796875,53555.02734375,56804.90234375,56804.90234375,59749798599,71.0,3065.5406174242235,2780.789018434729,284.7515989894946
56825.828125,58969.81640625,54528.62890625,58870.89453125,58870.89453125,60258313191,71.0,3109.1356458134396,2846.4583439104713,262.67730190296834
58893.078125,60116.25,54253.578125,57858.921875,57858.921875,55746041000,72.0,3027.1323861233614,2882.5931523530494,144.53923377031197
57850.44140625,59498.375,56643.703125,58346.65234375,58346.65234375,49063873786,71.0,2967.2948566810155,2899.5334932186424,67.76136346237308
58332.26171875,60031.28515625,58213.296875,58313.64453125,58313.64453125,50361731222,75.0,2883.965173566008,2896.4198292881156,-12.454655722107418
58309.9140625,58767.8984375,56005.6171875,57523.421875,57523.421875,51943414539,73.0,2722.7749800449383,2861.69085943948,-138.91587939454166
57517.890625,58471.48046875,54288.15625,54529.14453125,54529.14453125,56521454974,70.0,2326.597861060691,2754.672259763722,-428.0743987030314
54511.66015625,55985.44140625,53470.6953125,54738.9453125,54738.9453125,56435023914,66.0,2006.4249912888554,2605.0228060687487,-598.5978147798933
54710.48828125,57262.3828125,52514.33203125,52774.265625,52774.265625,70567223787,65.0,1575.98547447288,2399.215339749575,-823.2298652766949
52726.74609375,53392.38671875,50856.5703125,51704.16015625,51704.16015625,67999812841,60.0,1135.4220495518384,2146.4566817100276,-1011.0346321581892
51683.01171875,55137.3125,51579.85546875,55137.3125,55137.3125,56652197978,54.0,1051.181695060397,1927.4016843801016,-876.2199893197046
55137.56640625,56568.21484375,54242.91015625,55973.51171875,55973.51171875,47266542233,65.0,1039.9074895322265,1749.9028454105269,-709.9953558783004
55974.94140625,56610.3125,55071.11328125,55950.74609375,55950.74609375,47686580918,74.0,1017.4075636679117,1603.4037890620039,-585.9962253940921
55947.8984375,58342.09765625,55139.33984375,57750.19921875,57750.19921875,57625587027,72.0,1131.731146666898,1509.0692605829827,-377.3381139160847
57750.1328125,59447.22265625,57251.55078125,58917.69140625,58917.69140625,54414116432,72.0,1301.5369642966762,1467.5628013257215,-166.0258370290453
58930.27734375,59930.02734375,57726.41796875,58918.83203125,58918.83203125,65520826225,76.0,1419.834370253935,1458.0171151113643,-38.18274485742927
58926.5625,59586.0703125,58505.27734375,59095.80859375,59095.80859375,61669163792,74.0,1510.4548628671328,1468.504664662518,41.95019820461471
59098.87890625,60267.1875,58869.28125,59384.3125,59384.3125,58727860620,74.0,1587.255220109757,1492.254775751966,95.00044435779091
59397.41015625,60110.26953125,57603.890625,57603.890625,57603.890625,59641344484,73.0,1487.3101057544409,1491.265841752461,-3.9557359980201454
57604.83984375,58913.74609375,57168.67578125,58758.5546875,58758.5546875,50749662970,74.0,1484.1660797694567,1489.8458893558602,-5.679809586403508
58760.875,59891.296875,57694.82421875,59057.87890625,59057.87890625,60706272115,71.0,1488.6669534448083,1489.61010217365,-0.9431487288416065
59171.93359375,59479.578125,57646.80859375,58192.359375,58192.359375,66058027988,75.0,1406.184120316444,1472.9249058022087,-66.74078548576472
58186.5078125,58731.14453125,55604.0234375,56048.9375,56048.9375,75645303584,72.0,1154.5507069501618,1409.2500660317994,-254.69935908163757
56099.9140625,58338.73828125,55879.0859375,58323.953125,58323.953125,53053855641,73.0,1125.727476170876,1352.5455480596147,-226.8180718887388
58326.5625,58937.046875,57807.86328125,58245.00390625,58245.00390625,46655208546,70.0,1084.018426330469,1298.8401237137857,-214.82169738331663
58253.77734375,61276.6640625,58038.70703125,59793.234375,59793.234375,58238470525,70.0,1162.492473947459,1271.5705937605205,-109.07811981306145
59846.23046875,60790.5546875,59289.796875,60204.96484375,60204.96484375,46280252580,76.0,1243.571808203531,1265.9708366491227,-22.39902844559174
60175.9453125,61253.03515625,59589.875,59893.453125,59893.453125,51828688519,74.0,1268.0738069574,1266.3914307107782,1.6823762466217431
59890.01953125,63742.28515625,59869.95703125,63503.45703125,63503.45703125,69983454362,74.0,1560.7970656596299,1325.2725577005485,235.52450795908135
63523.75390625,64863.09765625,61554.796875,63109.6953125,63109.6953125,77451779687,75.0,1740.9405977265124,1408.4061657057414,332.53443202077096
63075.1953125,63821.671875,62208.96484375,63314.01171875,63314.01171875,60954381579,79.0,1878.53765841735,1502.4324642480633,376.10519416928673
63258.50390625,63594.72265625,60222.53125,61572.7890625,61572.7890625,84293007468,78.0,1826.0328341475833,1567.1525382279674,258.88029591961595
61529.921875,62572.17578125,60361.3515625,60683.8203125,60683.8203125,66138759198,76.0,1693.1721987892379,1592.3564703402214,100.81572844901643
60701.88671875,61057.45703125,52829.53515625,56216.18359375,56216.18359375,97468872758,79.0,1213.3910260151679,1516.563381475211,-303.17235546004304
56191.5859375,57520.0546875,54368.59375,55724.265625,55724.265625,65344865159,74.0,784.424958374344,1370.1356968550376,-585.7107384806936
55681.79296875,57062.1484375,53448.046875,56473.03125,56473.03125,67849323955,73.0,499.13170784806425,1195.934899053643,-696.8031912055787
56471.12890625,56757.97265625,53695.46875,53906.08984375,53906.08984375,54926612466,73.0,65.15298961125518,969.7785171651655,-904.6255275539103
53857.10546875,55410.23046875,50583.8125,51762.2734375,51762.2734375,74798630778,65.0,-446.6180042593114,686.4992128802701,-1133.1172171395815
51739.80859375,52120.79296875,47714.6640625,51093.65234375,51093.65234375,86668667320,55.0,-895.8258160039477,370.0342071034266,-1265.8600231073742
51143.2265625,51167.5625,48805.28515625,50050.8671875,50050.8671875,49014494781,37.0,-1320.7455577155124,31.878254139638784,-1352.6238118551512
50052.83203125,50506.01953125,47159.484375,49004.25390625,49004.25390625,46117114240,31.0,-1722.0991720027523,-318.91723108883946,-1403.181940913913
49077.79296875,54288.00390625,48852.796875,54021.75390625,54021.75390625,58284039825,27.0,-1616.6685373616638,-578.4674923434044,-1038.2010450182593
54030.3046875,55416.96484375,53319.1875,55033.1171875,55033.1171875,49448222757,50.0,-1434.964062858111,-749.7668064463458,-685.1972564117652
55036.63671875,56227.20703125,53887.91796875,54824.703125,54824.703125,48000572955,59.0,-1292.875763741562,-858.3885979053891,-434.48716583617284
54858.08984375,55115.84375,52418.02734375,53555.109375,53555.109375,46088929780,52.0,-1268.0975292343937,-940.3303841711901,-327.76714506320366
53568.6640625,57900.71875,53129.6015625,57750.17578125,57750.17578125,52395931985,51.0,-899.5839566377836,-932.1810986645089,32.59714202672535
57714.6640625,58448.33984375,57052.2734375,57828.05078125,57828.05078125,42836427360,68.0,-594.3985768924322,-864.6245943100937,270.2260174176615
57825.86328125,57902.59375,56141.90625,56631.078125,56631.078125,38177405335,66.0,-444.0044476544208,-780.5005649789592,336.49611732453843
56620.2734375,58973.30859375,56590.87109375,57200.29296875,57200.29296875,51713139031,61.0,-275.706957751092,-679.5418435333858,403.8348857822938
57214.1796875,57214.1796875,53191.42578125,53333.5390625,53333.5390625,68564706967,68.0,-449.1669914279555,-633.4668731122997,184.2998816843442
53252.1640625,57911.36328125,52969.0546875,57424.0078125,57424.0078125,69241316747,48.0,-253.64481563144363,-557.5024616161285,303.85764598468484
57441.30859375,58363.31640625,55382.5078125,56396.515625,56396.515625,69523285106,65.0,-179.5325752993449,-481.9084843527718,302.3759090534269
56413.953125,58606.6328125,55321.84765625,57356.40234375,57356.40234375,68434023376,64.0,-42.84931456566119,-394.0966503953497,351.2473358296885
57352.765625,59464.61328125,56975.2109375,58803.77734375,58803.77734375,65382980634,67.0,180.18713546290383,-279.239893223699,459.42702868660285
58877.390625,59210.8828125,56482.00390625,58232.31640625,58232.31640625,65906690347,73.0,307.29075075066066,-161.93376442882712,469.22451517948775
58250.87109375,59519.35546875,54071.45703125,55859.796875,55859.796875,71776546298,72.0,214.11064911571157,-86.72488171991938,300.83553083563095
55847.2421875,56872.54296875,54608.65234375,56704.57421875,56704.57421875,61308396325,61.0,206.05593424085237,-28.16871852776503,234.2246527686174
56714.53125,57939.36328125,49150.53515625,49150.53515625,49150.53515625,75215403907,68.0,-405.2043622763813,-103.57584727748828,-301.628514998893
49735.43359375,51330.84375,46980.01953125,49716.19140625,49716.19140625,96721152926,31.0,-834.3707129690738,-249.73482041580542,-584.6358925532684
49682.98046875,51438.1171875,48868.578125,49880.53515625,49880.53515625,55737497453,26.0,-1147.993614930936,-429.38657931883154,-718.6070356121045
49855.49609375,50639.6640625,46664.140625,46760.1875,46760.1875,59161047474,27.0,-1629.54363759415,-669.4179909738953,-960.1256466202547
46716.63671875,49720.04296875,43963.3515625,46456.05859375,46456.05859375,64047871555,20.0,-2012.517116389041,-938.0378160569245,-1074.4793003321165
46415.8984375,46623.55859375,42207.2890625,43537.51171875,43537.51171875,74903638450,27.0,-2522.4514488763307,-1254.9205426208057,-1267.530906255525
43488.05859375,45812.45703125,42367.83203125,42909.40234375,42909.40234375,56187365084,21.0,-2943.3323552538204,-1592.6029051474088,-1350.7294501064116
42944.9765625,43546.1171875,30681.49609375,37002.44140625,37002.44140625,126358098747,23.0,-3710.750663182007,-2016.2324567543285,-1694.5182064276785
36753.66796875,42462.984375,35050.6171875,40782.73828125,40782.73828125,88281943359,11.0,-3968.154422519685,-2406.6168499074,-1561.5375726122847
40596.94921875,42172.171875,33616.453125,37304.69140625,37304.69140625,82051616861,19.0,-4402.053934279749,-2805.70426678187,-1596.3496674978792
37371.03125,38831.0546875,35383.68359375,37536.6328125,37536.6328125,57377273240,12.0,-4673.3353890429935,-3179.2304912340946,-1494.1048978088988
37531.44921875,38289.21875,31227.33984375,34770.58203125,34770.58203125,78469274361,14.0,-5053.27407958066,-3554.039208903408,-1499.2348706772523
34700.36328125,39835.140625,34551.08203125,38705.98046875,38705.98046875,67359584098,10.0,-4979.424755733184,-3839.1163182693635,-1140.3084374638202
38795.78125,39776.3515625,36581.4296875,38402.22265625,38402.22265625,56211915803,22.0,-4889.051410060849,-4049.103336627661,-839.9480734331878
38392.625,40782.078125,37905.8359375,39294.19921875,39294.19921875,51346735160,22.0,-4691.375571171571,-4177.557783536443,-513.8177876351283
39316.890625,40379.6171875,37247.90234375,38436.96875,38436.96875,43210968721,27.0,-4551.421426287714,-4252.330512086697,-299.09091420101686
38507.08203125,38856.96875,34779.0390625,35697.60546875,35697.60546875,55200191952,21.0,-4608.4273987287015,-4323.549889415099,-284.8775093136028
35684.15625,37234.5,33693.9296875,34616.06640625,34616.06640625,45231013335,18.0,-4686.849126866466,-4396.209736905372,-290.6393899610939
34607.40625,36400.66796875,33520.73828125,35678.12890625,35678.12890625,31646080921,10.0,-4610.156331226637,-4438.999055769626,-171.15727545701156
35658.59375,37468.25,34241.9453125,37332.85546875,37332.85546875,39009847639,18.0,-4365.531009642989,-4424.305446544298,58.774436901308945
37293.79296875,37896.734375,35787.0859375,36684.92578125,36684.92578125,34639423297,20.0,-4175.810051739638,-4374.606367583367,198.79631584372873
36699.921875,38231.33984375,35966.30859375,37575.1796875,37575.1796875,33070867190,23.0,-3908.5632910405548,-4281.397752274805,372.83446123424983
37599.41015625,39478.953125,37243.97265625,39208.765625,39208.765625,35460750427,24.0,-3524.325346292957,-4129.983271078435,605.6579247854779
39242.484375,39242.484375,35717.72265625,36894.40625,36894.40625,41831090187,27.0,-3367.7422303648564,-3977.5350629357195,609.7928325708631
36880.15625,37917.71484375,34900.4140625,35551.95703125,35551.95703125,35959473399,24.0,-3313.774288266024,-3844.7829080017805,531.0086197357564
35538.609375,36436.421875,35304.578125,35862.37890625,35862.37890625,28913440585,17.0,-3208.96490441919,-3717.6193072852625,508.65440286607236
35835.265625,36790.5703125,33480.640625,33560.70703125,33560.70703125,33683936663,15.0,-3273.8890420956595,-3628.873254247342,354.98421215168264
33589.51953125,34017.38671875,31114.443359375,33472.6328125,33472.6328125,49902050442,13.0,-3294.472118499216,-3561.993027097717,267.52090859850114
33416.9765625,37537.37109375,32475.865234375,37345.12109375,37345.12109375,53972919008,14.0,-2964.1381745162507,-3442.422056581424,478.2838820651732
37389.515625,38334.32421875,35847.59375,36702.59765625,36702.59765625,43576032854,21.0,-2722.8056074410924,-3298.498766753358,575.6931593122654
36697.03125,37608.6953125,36044.44921875,37334.3984375,37334.3984375,38699736985,21.0,-2452.2981993202047,-3129.2586532667274,676.9604539465226
37340.14453125,37408.92578125,34728.19140625,35552.515625,35552.515625,37924228550,28.0,-2354.5602754440624,-2974.3189777021944,619.758702258132
35555.7890625,39322.78125,34864.109375,39097.859375,39097.859375,40669112838,23.0,-1968.332938783904,-2773.1217699185363,804.7888311346323
39016.96875,40978.36328125,38757.28515625,40218.4765625,40218.4765625,43148914673,28.0,-1553.9080653175843,-2529.279028998346,975.3709636807616
40427.16796875,41295.26953125,39609.46875,40406.26953125,40406.26953125,46420149185,38.0,-1196.5272231822382,-2262.7286678351247,1066.2014446528865
40168.69140625,40516.77734375,38176.03515625,38347.0625,38347.0625,39211635100,33.0,-1067.1595775840833,-2023.6148497849165,956.4552722008332
38341.421875,39513.671875,37439.67578125,38053.50390625,38053.50390625,37096670047,26.0,-977.0595769435458,-1814.3037952166424,837.2442182730965
38099.4765625,38187.26171875,35255.85546875,35787.24609375,35787.24609375,36200887275,25.0,-1076.1179252799484,-1666.6666212293035,590.5486959493551
35854.52734375,36457.796875,34933.0625,35615.87109375,35615.87109375,31207279719,23.0,-1155.135230383632,-1564.3603430601693,409.22511267653726
35563.140625,36059.484375,33432.07421875,35698.296875,35698.296875,36664034054,21.0,-1197.3041651613457,-1490.9491074804048,293.64494231905906
35641.14453125,35721.640625,31295.935546875,31676.693359375,31676.693359375,52809038594,23.0,-1537.5096889240958,-1500.261223769143,-37.24846515495278
31622.376953125,33292.453125,28893.62109375,32505.66015625,32505.66015625,58964353058,10.0,-1720.4025948117269,-1544.28949797766,-176.11309683406694
32515.71484375,34753.41015625,31772.6328125,33723.02734375,33723.02734375,46317108925,14.0,-1746.9771175748392,-1584.8270218970958,-162.15009567774337
33682.80078125,35228.8515625,32385.21484375,34662.4375,34662.4375,33123368116,22.0,-1672.9503395536376,-1602.4516854284043,-70.49865412523332
34659.10546875,35487.24609375,31350.884765625,31637.779296875,31637.779296875,40230904226,27.0,-1837.170465973737,-1649.395441537471,-187.775024436266
31594.6640625,32637.587890625,30184.501953125,32186.27734375,32186.27734375,38585385521,20.0,-1901.1417126664164,-1699.74469576326,-201.39701690315633
32287.5234375,34656.12890625,32071.7578125,34649.64453125,34649.64453125,35511640894,22.0,-1733.088278876734,-1706.4134123859549,-26.674866490779095
34679.12109375,35219.890625,33902.07421875,34434.3359375,34434.3359375,33892523752,25.0,-1598.8478037124369,-1684.9002906512512,86.05248693881435
34475.55859375,36542.109375,34252.484375,35867.77734375,35867.77734375,37901460044,25.0,-1361.1045522593558,-1620.1411429728723,259.0365907135165
35908.38671875,36074.7578125,34086.15234375,35040.8359375,35040.8359375,34059036099,28.0,-1225.294144898573,-1541.1717433580127,315.8775984594397
35035.984375,35035.984375,32883.78125,33572.1171875,33572.1171875,37838957079,28.0,-1222.0892628364381,-1477.3552472536978,255.2659844172597
33549.6015625,33939.58984375,32770.6796875,33897.046875,33897.046875,38728974942,21.0,-1179.7310552340641,-1417.8304088497712,238.09935361570706
33854.421875,34909.26171875,33402.6953125,34668.546875,34668.546875,24383958643,24.0,-1071.5560372523396,-1348.5755345302848,277.0194972779452
34665.56640625,35937.56640625,34396.4765625,35287.78125,35287.78125,24924307911,27.0,-925.1944515144787,-1263.8993179271238,338.70486641264506
35284.34375,35284.34375,33213.66015625,33746.00390625,33746.00390625,26721554282,29.0,-922.9709522011763,-1195.7136447819344,272.7426925807581
33723.5078125,35038.53515625,33599.91796875,34235.1953125,34235.1953125,26501259870,20.0,-871.6868909619661,-1130.9082940179408,259.22140305597463
34225.6796875,34997.6640625,33839.2890625,33855.328125,33855.328125,24796027477,28.0,-851.8761127436519,-1075.101857763083,223.2257450194311
33889.60546875,33907.90625,32133.18359375,32877.37109375,32877.37109375,29910396946,20.0,-904.6605241795114,-1041.0135910463687,136.35306686685726
32861.671875,34042.29296875,32318.880859375,33798.01171875,33798.01171875,27436021028,20.0,-862.2648932625452,-1005.263851489604,142.99895822705878
33811.2421875,34209.0703125,33116.01171875,33520.51953125,33520.51953125,22971873468,20.0,-841.3586914812986,-972.482819487943,131.12412800664436
33509.078125,34584.703125,33346.73828125,34240.1875,34240.1875,20108729370,20.0,-757.9816448124475,-929.5825845528439,171.60093974039637
34254.015625,34592.15625,32697.30859375,33155.84765625,33155.84765625,24321499537,25.0,-770.5198249030946,-897.7700326228941,127.2502077197995
33125.46875,33327.1015625,32261.419921875,32702.025390625,32702.025390625,19120856669,20.0,-807.7646786433033,-879.768961826976,72.00428318367267
32723.845703125,33061.3984375,31639.125,32822.34765625,32822.34765625,21376531210,21.0,-818.1414667529534,-867.4434628121714,49.30199605921803
32827.875,33159.640625,31175.708984375,31780.73046875,31780.73046875,21300524237,20.0,-900.0398488416686,-873.9627400180709,-26.077108823597655
31841.55078125,32218.40625,31100.673828125,31421.5390625,31421.5390625,23699476918,22.0,-982.6018290525899,-895.6905578249748,-86.91127122761509
31397.30859375,31935.9453125,31223.990234375,31533.068359375,31533.068359375,18895018942,15.0,-1027.1924755747896,-921.9909413749378,-105.20153419985172
31533.884765625,32398.99609375,31215.4921875,31796.810546875,31796.810546875,18787986667,19.0,-1029.383007316399,-943.4693545632301,-85.91365275316889
31800.01171875,31885.859375,30563.734375,30817.83203125,30817.83203125,20434789545,24.0,-1097.4635276502377,-974.2681891806317,-123.19533846960599
30838.28515625,31006.1875,29360.955078125,29807.34765625,29807.34765625,23148267245,19.0,-1218.9046999613565,-1023.1954913367767,-195.7092086245798
29796.28515625,32752.326171875,29526.18359375,32110.693359375,32110.693359375,28203024559,10.0,-1116.4175885602563,-1041.8399107814728,-74.57767777878348
32138.873046875,32576.400390625,31745.298828125,32313.10546875,32313.10546875,19555230518,21.0,-1007.2518761612737,-1034.922303857433,27.670427696159322
32305.958984375,33581.55078125,32057.892578125,33581.55078125,33581.55078125,22552046192,23.0,-809.0580095961268,-989.7494450051719,180.69143540904508
33593.73046875,34490.390625,33424.859375,34292.4453125,34292.4453125,21664706865,22.0,-587.8483451551001,-909.3692250351576,321.52087988005746
34290.29296875,35364.92578125,33881.8359375,35350.1875,35350.1875,20856685287,27.0,-323.4585093946953,-792.1870819070651,468.72857251236985
35384.03125,40499.67578125,35287.3125,37337.53515625,37337.53515625,51022126212,26.0,45.90551694914757,-624.5685621358226,670.4740790849702
37276.03515625,39406.94140625,36441.7265625,39406.94140625,39406.94140625,35097370560,32.0,499.8509875382151,-399.68465220101507,899.5356397392302
39503.1875,40816.0703125,38862.4375,39995.90625,39995.90625,38702404695,50.0,896.7929137115498,-140.38913901850208,1037.182052730052
39995.453125,40593.0703125,39352.05859375,40008.421875,40008.421875,27167146027,50.0,1198.5658354859625,127.40185588239083,1071.1639796035715
40027.484375,42235.546875,38397.35546875,42235.546875,42235.546875,33072782960,53.0,1599.0011350472778,421.72171171536826,1177.2794233319096
42196.3046875,42231.44921875,41110.83203125,41626.1953125,41626.1953125,25802845343,60.0,1845.9010184922154,706.5575730707378,1139.3434454214776
41460.84375,42541.6796875,39540.94140625,39974.89453125,39974.89453125,26688438115,60.0,1886.5774914220965,942.5615567410096,944.015934681087
39907.26171875,40419.1796875,38746.34765625,39201.9453125,39201.9453125,25595265436,48.0,1835.287297590272,1121.1067049108622,714.1805926794098
39178.40234375,39750.03125,37782.05078125,38152.98046875,38152.98046875,26189830450,48.0,1690.5096106412311,1234.987286056936,455.5223245842951
38213.33203125,39952.296875,37589.1640625,39747.50390625,39747.50390625,25372562724,42.0,1685.01318299579,1324.9924654447068,360.0207175510832
39744.515625,41341.93359375,37458.00390625,40869.5546875,40869.5546875,35185031017,50.0,1751.012760034304,1410.1965243626262,340.81623567167776
40865.8671875,43271.66015625,39932.1796875,42816.5,42816.5,38226483046,52.0,1938.0791457763407,1515.773048645369,422.3060971309717
42832.796875,44689.859375,42618.56640625,44555.80078125,44555.80078125,40030862141,69.0,2201.3023975454344,1652.8789184253822,548.4234791200522
44574.4375,45282.3515625,43331.91015625,43798.1171875,43798.1171875,36302664750,74.0,2322.0033776631535,1786.7038102729364,535.2995673902171
43791.92578125,46456.83203125,42848.6875,46365.40234375,46365.40234375,38734079049,65.0,2594.905771955804,1948.34420260951,646.5615693462942
46280.84765625,46637.98828125,44705.5546875,45585.03125,45585.03125,33546019517,71.0,2716.894788245423,2102.0543197366924,614.8404685087307
45599.703125,46735.6328125,45351.7109375,45593.63671875,45593.63671875,34319709073,70.0,2782.1949405293635,2238.082443895227,544.1124966341367
45576.87890625,46228.91015625,43861.4453125,44428.2890625,44428.2890625,33723620826,70.0,2708.687897056341,2332.20353452745,376.4843625288913
44439.69140625,47831.9765625,44282.41796875,47793.3203125,47793.3203125,31744259539,70.0,2888.664211747775,2443.495669971515,445.1685417762601
47810.6875,48098.68359375,46177.6328125,47096.9453125,47096.9453125,31211354442,76.0,2941.20076358012,2543.036688693236,398.164074886884
47096.66796875,47357.10546875,45579.58984375,47047.00390625,47047.00390625,30988958446,71.0,2944.859992425052,2623.4013494395995,321.45864298545257
47019.9609375,47998.09765625,45700.3203125,46004.484375,46004.484375,32776876610,72.0,2831.003300367098,2664.9217396250997,166.08156074199815
45936.45703125,47139.5703125,44512.41796875,44695.359375,44695.359375,33451362600,72.0,2605.105569548279,2652.9585056097358,-47.8529360614566
44686.75,45952.0625,44364.02734375,44801.1875,44801.1875,32194123075,73.0,2406.874484780841,2603.741701443957,-196.86721666311587
44741.8828125,46970.76171875,43998.31640625,46717.578125,46717.578125,37204312299,70.0,2377.0109270880566,2558.3955465727768,-181.38461948472013
46723.12109375,49342.15234375,46650.70703125,49339.17578125,49339.17578125,34706867452,70.0,2535.6554065784585,2553.8475185739135,-18.19211199545498
49327.07421875,49717.01953125,48312.19921875,48905.4921875,48905.4921875,40585205312,78.0,2596.4573142951194,2562.369477718155,34.08783657696449
48869.10546875,49471.609375,48199.94140625,49321.65234375,49321.65234375,25370975378,76.0,2647.702840619626,2579.4361502984493,68.26669032117661
49291.67578125,50482.078125,49074.60546875,49546.1484375,49546.1484375,34305053719,79.0,2675.587738060538,2598.666467850867,76.92127020967109
49562.34765625,49878.76953125,47687.1171875,47706.1171875,47706.1171875,35361168834,79.0,2520.160731918113,2582.965320664316,-62.80458874620308
47727.2578125,49202.87890625,47163.61328125,48960.7890625,48960.7890625,32646349931,73.0,2469.755440986948,2560.3233447288426,-90.5679037418945
49002.640625,49347.58203125,46405.78125,46942.21875,46942.21875,32666549568,75.0,2241.0932030381737,2496.477316390709,-255.38411335253522
46894.5546875,49112.78515625,46394.28125,49058.66796875,49058.66796875,34511076995,71.0,2205.2359092402694,2438.229034960621,-232.9931257203516
49072.5859375,49283.50390625,48499.23828125,48902.40234375,48902.40234375,28568103401,78.0,2139.5460604329055,2378.492440055078,-238.94637962217257
48911.25,49644.11328125,47925.85546875,48829.83203125,48829.83203125,25889650240,72.0,2057.9082786273284,2314.375607769528,-256.46732914219956
48834.8515625,48925.60546875,46950.2734375,47054.984375,47054.984375,31847007016,73.0,1828.9118185531406,2217.2828499262505,-388.3710313731099
47024.33984375,48189.55078125,46750.09375,47166.6875,47166.6875,34730363427,73.0,1637.567128255083,2101.339705592017,-463.77257733693386
47099.7734375,49111.08984375,46562.4375,48847.02734375,48847.02734375,39139399125,71.0,1603.0356675143776,2001.678897976489,-398.64323046211143
48807.84765625,50343.421875,48652.3203125,49327.72265625,49327.72265625,39508070319,74.0,1596.0589563356043,1920.554909648312,-324.4959533127078
49288.25,50982.2734375,48386.0859375,50025.375,50025.375,43206179619,74.0,1628.05734444243,1862.0553966071357,-233.99805216470577
50009.32421875,50545.58203125,49548.78125,49944.625,49944.625,37471327794,72.0,1628.1323511421651,1815.2707875141418,-187.1384363719767
49937.859375,51868.6796875,49538.59765625,51753.41015625,51753.41015625,30322676319,73.0,1753.9274560221093,1803.0021212157353,-49.07466519362606
51769.00390625,52700.94140625,51053.6796875,52633.53515625,52633.53515625,38884105426,79.0,1902.706498808133,1822.9429967342148,79.76350207391806
52660.48046875,52853.765625,43285.20703125,46811.12890625,46811.12890625,65210059683,79.0,1533.12255513556,1764.978908414484,-231.85635327892396
46827.76171875,47334.0546875,44561.39453125,46091.390625,46091.390625,49007762488,47.0,1168.6759836099081,1645.7183234535692,-477.042339843661
45774.7421875,47261.94921875,45669.73828125,46391.421875,46391.421875,38672657013,45.0,893.7567924304385,1495.3260172489431,-601.5692248185046
46396.6640625,47031.7421875,44344.484375,44883.91015625,44883.91015625,39154666597,46.0,547.9216560513087,1305.8451450094162,-757.9234889581076
44869.83984375,45969.29296875,44818.265625,45201.45703125,45201.45703125,34499835245,31.0,296.0554548306027,1103.8872069736535,-807.8317521430508
45206.62890625,46364.87890625,44790.4609375,46063.26953125,46063.26953125,27881980161,32.0,164.099109659619,915.9295875108467,-751.8304778512277
46057.21484375,46598.6796875,43591.3203125,44963.07421875,44963.07421875,40969943253,44.0,-28.92043481519795,726.9595830456377,-755.8800178608357
44960.05078125,47218.125,44752.33203125,47092.4921875,47092.4921875,38652152880,30.0,-9.948895972782339,579.5778872419537,-589.526783214736
47098.0,48450.46875,46773.328125,48176.34765625,48176.34765625,30484496466,49.0,91.48962793192914,481.9602353799488,-390.4706074480197
48158.90625,48486.828125,47079.55859375,47783.359375,47783.359375,31764293754,53.0,138.57214555890823,413.28261741574073,-274.7104718568325
47771.00390625,48160.921875,46832.5234375,47267.51953125,47267.51953125,28727713711,48.0,132.73137102952023,357.17236813849667,-224.44099710897643
47273.52734375,48791.78125,47087.28515625,48278.36328125,48278.36328125,28575630451,50.0,207.27976567424776,327.1938476456469,-119.91408197139913
48268.85546875,48328.3671875,46919.8046875,47260.21875,47260.21875,26967722648,53.0,182.1049582372143,298.17606976396036,-116.07111152674605
47261.40625,47328.19921875,42598.9140625,42843.80078125,42843.80078125,43909845642,50.0,-192.00101043267205,200.14065372463386,-392.1416641573059
43012.234375,43607.609375,39787.609375,40693.67578125,40693.67578125,48701090088,27.0,-654.4358746562866,29.225348048449774,-683.6612227047364
40677.953125,43978.62109375,40625.6328125,43574.5078125,43574.5078125,38139709246,21.0,-779.4744709180304,-132.51461574484625,-646.9598551731842
43560.296875,44942.17578125,43109.33984375,44895.09765625,44895.09765625,34244064430,27.0,-763.2100847736001,-258.653709550597,-504.5563752230031
44894.30078125,45080.4921875,40936.55859375,42839.75,42839.75,42839345714,33.0,-905.7291384664422,-388.06879533376605,-517.6603431326762
42840.890625,42996.2578125,41759.921875,42716.59375,42716.59375,31604717236,28.0,-1016.8920963344353,-513.8334555339,-503.0586408005354
42721.62890625,43919.30078125,40848.4609375,43208.5390625,43208.5390625,30661222077,27.0,-1053.153567212954,-621.6974778697108,-431.4560893432431
43234.18359375,44313.24609375,42190.6328125,42235.73046875,42235.73046875,30980029059,26.0,-1147.1647662093746,-726.7909355376437,-420.37383067173096
42200.8984375,42775.14453125,40931.6640625,41034.54296875,41034.54296875,30214940550,25.0,-1303.5683863209924,-842.1464256943135,-461.4219606266789
41064.984375,42545.2578125,40829.66796875,41564.36328125,41564.36328125,30602359905,24.0,-1368.9864867067736,-947.5144378968057,-421.4720488099679
41551.26953125,44092.6015625,41444.58203125,43790.89453125,43790.89453125,31141681925,20.0,-1227.023970066497,-1003.4163443307441,-223.6076257357529
43816.7421875,48436.01171875,43320.0234375,48116.94140625,48116.94140625,42850641582,27.0,-756.7188405612469,-954.0768435768448,197.3580030155979
48137.46875,48282.0625,47465.49609375,47711.48828125,47711.48828125,30614346492,54.0,-411.9664232501673,-845.6547595115094,433.6883362613421
47680.02734375,49130.69140625,47157.2890625,48199.953125,48199.953125,26638115879,49.0,-98.20062245657755,-696.1639321005231,597.9633096439455
48208.90625,49456.77734375,47045.00390625,49112.90234375,49112.90234375,33383173002,54.0,221.57423746668064,-512.6162981870823,734.1905356537629
49174.9609375,51839.984375,49072.83984375,51514.8125,51514.8125,35873904236,59.0,661.1904024354226,-277.8549580625813,939.0453604980039
51486.6640625,55568.46484375,50488.19140625,55361.44921875,55361.44921875,49034730168,68.0,1304.9382995341657,38.703693456768065,1266.2346060773975
55338.625,55338.625,53525.46875,53805.984375,53805.984375,36807860413,76.0,1670.345430243622,365.0320408141389,1305.3133894294833
53802.14453125,55922.98046875,53688.0546875,53967.84765625,53967.84765625,34800873924,74.0,1950.5099632895653,682.1276253092242,1268.3823379803412
53929.78125,55397.9453125,53735.14453125,54968.22265625,54968.22265625,32491211414,72.0,2227.58605085218,991.2193104178154,1236.3667404343646
54952.8203125,56401.3046875,54264.2578125,54771.578125,54771.578125,39527792364,71.0,2403.596116382978,1273.694671610848,1129.90144477213
54734.125,57793.0390625,54519.765625,57484.7890625,57484.7890625,42637331698,71.0,2730.5428109853674,1565.064299485752,1165.4785114996155
57526.83203125,57627.87890625,54477.97265625,56041.05859375,56041.05859375,41083758949,78.0,2840.4109495799858,1820.133629504599,1020.2773200753868
56038.2578125,57688.66015625,54370.97265625,57401.09765625,57401.09765625,41684252783,70.0,3002.6137645805647,2056.629656519792,945.9841080607725
57372.83203125,58478.734375,56957.07421875,57321.5234375,57321.5234375,36615791366,70.0,3089.1301205402124,2263.1297493238762,826.0003712163361
57345.90234375,62757.12890625,56868.14453125,61593.94921875,61593.94921875,51780081801,71.0,3462.530118493887,2503.0098231578786,959.5202953360085
61609.52734375,62274.4765625,60206.12109375,60892.1796875,60892.1796875,34250964237,78.0,3659.6393267226304,2734.335723870829,925.3036028518013
60887.65234375,61645.5234375,59164.46875,61553.6171875,61553.6171875,29032367511,79.0,3825.12857161156,2952.4942934189753,872.6342781925846
61548.8046875,62614.66015625,60012.7578125,62026.078125,62026.078125,38055562075,78.0,3948.883370209878,3151.772108777156,797.1112614327221
62043.1640625,64434.53515625,61622.93359375,64261.9921875,64261.9921875,40471196346,75.0,4179.204253069409,3357.258537635607,821.945715433802
64284.5859375,66930.390625,63610.67578125,65992.8359375,65992.8359375,40788955582,82.0,4450.101833622386,3575.827196832963,874.2746367894229
66002.234375,66600.546875,62117.41015625,62210.171875,62210.171875,45908121370,84.0,4309.879137233722,3722.637584913115,587.2415523206068
62237.890625,63715.0234375,60122.796875,60692.265625,60692.265625,38434082775,75.0,4029.8160800946353,3784.0732839494194,245.74279614521583
60694.62890625,61743.87890625,59826.5234375,61393.6171875,61393.6171875,26882546034,74.0,3820.4178997994095,3791.3422071194173,29.075692679992244
61368.34375,61505.8046875,59643.34375,60930.8359375,60930.8359375,27316183882,73.0,3575.90494771854,3748.254755239242,-172.34980752070214
60893.92578125,63729.32421875,60691.80078125,63039.82421875,63039.82421875,31064911614,72.0,3511.8222988920024,3700.9682639697944,-189.14596507779197
63032.76171875,63229.02734375,59991.16015625,60363.79296875,60363.79296875,34878965587,76.0,3208.1217501089195,3602.3989611976194,-394.2772110886999
60352.0,61435.18359375,58208.1875,58482.38671875,58482.38671875,43657076893,73.0,2783.5362432263355,3438.626417603363,-655.0901743770273
58470.73046875,62128.6328125,58206.91796875,60622.13671875,60622.13671875,45257083247,66.0,2589.854877512327,3268.872109585156,-679.0172320728288
60624.87109375,62927.609375,60329.96484375,62227.96484375,62227.96484375,36856881767,70.0,2536.6964513544954,3122.4369779390245,-585.7405265845291
62239.36328125,62330.14453125,60918.38671875,61888.83203125,61888.83203125,32157938616,73.0,2439.086560332209,2985.7668944176617,-546.6803340854526
61850.48828125,62406.171875,60074.328125,61318.95703125,61318.95703125,32241199927,74.0,2289.3556022910125,2846.484635992332,-557.1290337013197
61320.44921875,62419.00390625,59695.18359375,61004.40625,61004.40625,36150572843,74.0,2120.8631300816414,2701.360334810194,-580.4972047285528
60963.25390625,64242.79296875,60673.0546875,63226.40234375,63226.40234375,37746665647,73.0,2141.9372276517097,2589.4757133784974,-447.5384857267877
63254.3359375,63516.9375,61184.23828125,62970.046875,62970.046875,36124731509,76.0,2113.5887227974745,2494.298315262293,-380.70959246481834
62941.8046875,63123.2890625,60799.6640625,61452.23046875,61452.23046875,32615846901,73.0,1946.2125031362011,2384.6811528370745,-438.46864970087336
61460.078125,62541.46875,60844.609375,61125.67578125,61125.67578125,30605102446,73.0,1766.8482818558841,2261.1145786408365,-494.2662967849524
61068.875,61590.68359375,60163.78125,61527.48046875,61527.48046875,29094934221,71.0,1638.238530489747,2136.539369010619,-498.3008385208718
61554.921875,63326.98828125,61432.48828125,63326.98828125,63326.98828125,24726754302,73.0,1662.3570005819274,2041.7028953248807,-379.3458947429533
63344.06640625,67673.7421875,63344.06640625,67566.828125,67566.828125,41125608330,75.0,2000.5298407472292,2033.4682844093504,-32.938443662121244
67549.734375,68530.3359375,66382.0625,66971.828125,66971.828125,42357991721,84.0,2195.2176233183636,2065.818152191153,129.39947112721075
66953.3359375,68789.625,63208.11328125,64995.23046875,64995.23046875,48730828378,75.0,2165.056755337704,2085.6658728204634,79.3908825172407
64978.890625,65579.015625,64180.48828125,64949.9609375,64949.9609375,35880633236,77.0,2113.142189551283,2091.1611361666273,21.981053384655752
64863.98046875,65460.81640625,62333.9140625,64155.94140625,64155.94140625,36084893887,74.0,1985.0464025869805,2069.9381894506982,-84.8917868637177
64158.12109375,64915.67578125,63303.734375,64469.52734375,64469.52734375,30474228777,72.0,1887.080246531339,2033.3666008668265,-146.28635433548743
64455.37109375,65495.1796875,63647.80859375,65466.83984375,65466.83984375,25122092191,74.0,1868.3786399745659,2000.3690086883744,-131.9903687138085
65521.2890625,66281.5703125,63548.14453125,63557.87109375,63557.87109375,30558763548,72.0,1680.1519124446204,1936.3255894396236,-256.17367699500323
63721.1953125,63721.1953125,59016.3359375,60161.24609375,60161.24609375,46844335592,71.0,1242.5779588249206,1797.5760633166833,-554.9981044917627
60139.62109375,60823.609375,58515.41015625,60368.01171875,60368.01171875,39178392930,52.0,902.0830540365569,1618.477461460658,-716.3944074241012
60360.13671875,60948.5,56550.79296875,56942.13671875,56942.13671875,41388338699,54.0,351.74421918485314,1365.1308130054972,-1013.3865938206441
56896.12890625,58351.11328125,55705.1796875,58119.578125,58119.578125,38702407772,34.0,10.485538028289739,1094.2017580100558,-1083.716219981766
58115.08203125,59859.87890625,57469.7265625,59697.1953125,59697.1953125,30624264863,43.0,-131.15206373857654,849.1309936603294,-980.283057398906
59730.5078125,60004.42578125,58618.9296875,58730.4765625,58730.4765625,26123447605,49.0,-317.744249581694,615.7559450119248,-933.5001945936189
58706.84765625,59266.359375,55679.83984375,56289.2890625,56289.2890625,35036121783,50.0,-655.0522954749467,361.5942969145505,-1016.6465923894973
56304.5546875,57875.515625,55632.76171875,57569.07421875,57569.07421875,37485803899,33.0,-809.768874004134,127.32166273081361,-937.0905367349476
57565.8515625,57803.06640625,55964.22265625,56280.42578125,56280.42578125,36635566789,42.0,-1024.5555972221046,-103.05378925977004,-921.5018079623345
57165.41796875,59367.96875,57146.68359375,57274.6796875,57274.6796875,34284016248,32.0,-1101.8462442906311,-302.81228026594226,-799.0339640246889
58960.28515625,59183.48046875,53569.765625,53569.765625,53569.765625,41810748221,47.0,-1445.3936423438572,-531.3285526815253,-914.065089662332
53736.4296875,55329.2578125,53668.35546875,54815.078125,54815.078125,30560857714,21.0,-1598.7418186836367,-744.8112058819476,-853.9306128016891
54813.0234375,57393.84375,53576.734375,57248.45703125,57248.45703125,28116886357,27.0,-1506.5514250759588,-897.1592497207498,-609.392175355209
57291.90625,58872.87890625,56792.52734375,57806.56640625,57806.56640625,32370840356,33.0,-1372.6322614223463,-992.2538520610692,-380.37840936127714
57830.11328125,59113.40234375,56057.28125,57005.42578125,57005.42578125,36708594618,40.0,-1315.9759607088708,-1056.9982737906296,-258.97768691824126
56907.96484375,59041.68359375,56553.08203125,57229.828125,57229.828125,36858195307,34.0,-1238.6892024067638,-1093.3364595138564,-145.35274289290737
57217.37109375,57349.234375,55895.1328125,56477.81640625,56477.81640625,32379968686,32.0,-1224.010321444628,-1119.471231900011,-104.53908954461713
56509.1640625,57482.16796875,52496.5859375,53598.24609375,53598.24609375,39789134215,31.0,-1428.2702507883223,-1181.2310356776732,-247.03921511064914
53727.87890625,53904.6796875,42874.6171875,49200.703125,49200.703125,61385677469,25.0,-1922.8275234132743,-1329.5503332247933,-593.277190188481
49201.51953125,49768.1484375,47857.49609375,49368.84765625,49368.84765625,37198201161,18.0,-2274.97536672726,-1518.6353399252869,-756.340026801973
49413.48046875,50929.51953125,47281.03515625,50582.625,50582.625,37707308001,16.0,-2428.1234858709577,-1700.5329691144211,-727.5905167565365
50581.828125,51934.78125,50175.80859375,50700.0859375,50700.0859375,33676814852,25.0,-2511.0703023126625,-1862.6404357540696,-648.429866558593
50667.6484375,51171.375,48765.98828125,50504.796875,50504.796875,28479699446,28.0,-2563.019553202168,-2002.7162592436894,-560.3032939584787
50450.08203125,50797.1640625,47358.3515625,47672.12109375,47672.12109375,29603577251,29.0,-2800.4807715976203,-2162.2691617144756,-638.2116098831448
47642.14453125,50015.25390625,47023.69921875,47243.3046875,47243.3046875,30966005122,24.0,-2988.8191515046274,-2327.5791596725057,-661.2399918321216
47264.6328125,49458.2109375,46942.34765625,49362.5078125,49362.5078125,25775869261,16.0,-2933.2638534089274,-2448.7160984197903,-484.54775498913705
49354.85546875,50724.8671875,48725.8515625,50098.3359375,50098.3359375,21939223599,27.0,-2797.611574520168,-2518.495193639866,-279.1163808803017
50114.7421875,50205.0,45894.84765625,46737.48046875,46737.48046875,32166727776,28.0,-2927.5521162082296,-2600.306578153539,-327.24553805469077
46709.82421875,48431.3984375,46424.49609375,46612.6328125,46612.6328125,34638619079,21.0,-3005.954323827551,-2681.4361272883416,-324.5181965392094
48379.75390625,49473.95703125,46671.96484375,48896.72265625,48896.72265625,36541828520,28.0,-2850.918067915889,-2715.332515413851,-135.5855525020379
48900.46484375,49425.57421875,47529.87890625,47665.42578125,47665.42578125,27268150947,29.0,-2795.184933592893,-2731.30299904966,-63.881934543233
47653.73046875,48004.89453125,45618.21484375,46202.14453125,46202.14453125,32902725329,23.0,-2836.39440176043,-2752.321279591814,-84.07312216861601
46219.25390625,47313.828125,45598.44140625,46848.77734375,46848.77734375,26098292690,24.0,-2784.7741948915573,-2758.8118626517626,-25.962332239794705
46853.8671875,48089.6640625,46502.953125,46707.015625,46707.015625,25154053861,29.0,-2723.904321548245,-2751.8303544310593,27.92603288281407
46707.0625,47401.71875,45579.80859375,46880.27734375,46880.27734375,30961902129,25.0,-2631.351157500947,-2727.734515045037,96.3833575440899
46886.078125,49300.91796875,46698.7734375,48936.61328125,48936.61328125,27055803928,27.0,-2364.81289256359,-2655.150190548748,290.3372979851579
48937.09765625,49544.796875,48450.94140625,48628.51171875,48628.51171875,24447979559,45.0,-2153.615084364086,-2554.843169311816,401.2280849477297
48626.34375,51332.33984375,48065.8359375,50784.5390625,50784.5390625,28223878108,34.0,-1791.613308816166,-2402.197197212686,610.5838883965203
50806.05078125,51814.02734375,50514.49609375,50822.1953125,50822.1953125,24367912228,41.0,-1484.5725210356977,-2218.6722619772886,734.0997409415909
50854.91796875,51176.59765625,50236.70703125,50429.859375,50429.859375,19030650914,39.0,-1258.3927476061508,-2026.6163591030613,768.2236114969105
50428.69140625,51196.37890625,49623.10546875,50809.515625,50809.515625,20964372926,37.0,-1036.5597456587202,-1828.6050364141931,792.0452907554729
50802.609375,51956.328125,50499.46875,50640.41796875,50640.41796875,24324345758,40.0,-864.4355857066475,-1635.771146272684,771.3355605660365
50679.859375,50679.859375,47414.2109375,47588.85546875,47588.85546875,33430376883,41.0,-963.1588440267296,-1501.2486858234934,538.0898417967637
47623.87109375,48119.7421875,46201.49609375,46444.7109375,46444.7109375,30049226299,27.0,-1120.8007458413122,-1425.1590978270572,304.358351985745
46490.60546875,47879.96484375,46060.3125,47178.125,47178.125,26686491018,22.0,-1173.0307352021264,-1374.7334253020713,201.7026900999449
47169.37109375,48472.52734375,45819.953125,46306.4453125,46306.4453125,36974172400,28.0,-1270.1194969782373,-1353.8106396373046,83.69114265906728
46311.74609375,47827.3125,46288.484375,47686.8125,47686.8125,24582667004,21.0,-1221.5971330195898,-1327.3679383137617,105.77080529417185
47680.92578125,47881.40625,46856.9375,47345.21875,47345.21875,27951569547,29.0,-1196.9093449264183,-1301.276219636293,104.36687470987476
47343.54296875,47510.7265625,45835.96484375,46458.1171875,46458.1171875,33071628362,29.0,-1234.693004882749,-1287.9595766855844,53.266571802835415
46458.8515625,47406.546875,45752.46484375,45897.57421875,45897.57421875,42494677905,23.0,-1294.9406903342024,-1289.355799415308,-5.584890918894416
45899.359375,46929.046875,42798.22265625,43569.00390625,43569.00390625,36851084859,24.0,-1513.141030755316,-1334.1128456833096,-179.0281850720064
43565.51171875,43748.71875,42645.5390625,43160.9296875,43160.9296875,30208048289,15.0,-1699.4048701222273,-1407.1712505710932,-292.2336195511341
43153.5703125,43153.5703125,41077.4453125,41557.90234375,41557.90234375,84196607520,18.0,-1953.8484654795247,-1516.5066935527796,-437.3417719267452
41561.46484375,42228.94140625,40672.27734375,41733.94140625,41733.94140625,28066355845,10.0,-2116.8897791870404,-1636.5833106796317,-480.3064685074087
41734.7265625,42663.94921875,41338.16015625,41911.6015625,41911.6015625,21294384372,23.0,-2206.3322799785456,-1750.5331045394146,-455.799175439131
41910.23046875,42199.484375,39796.5703125,41821.26171875,41821.26171875,32104232331,23.0,-2258.471522778411,-1852.120788187214,-406.3507345911969
41819.5078125,43001.15625,41407.75390625,42735.85546875,42735.85546875,26327648900,21.0,-2200.6247440856678,-1921.8215793669049,-278.8031647187629
42742.1796875,44135.3671875,42528.98828125,43949.1015625,43949.1015625,33499938689,22.0,-2033.4416849920817,-1944.1456004919403,-89.29608450014143
43946.7421875,44278.421875,42447.04296875,42591.5703125,42591.5703125,47691135082,21.0,-1987.5777733376526,-1952.832035061083,-34.74573827656968
42598.87109375,43346.6875,41982.6171875,43099.69921875,43099.69921875,23577403399,21.0,-1888.4595506216428,-1939.957538173195,51.497987551552114
43101.8984375,43724.671875,42669.03515625,43177.3984375,43177.3984375,18371348298,23.0,-1783.0836885863537,-1908.5827682558267,125.49907966947308
43172.0390625,43436.80859375,42691.0234375,43113.87890625,43113.87890625,17902097845,21.0,-1685.2712955976021,-1863.920473724182,178.64917812657995
43118.12109375,43179.390625,41680.3203125,42250.55078125,42250.55078125,21690904261,22.0,-1658.3017635340802,-1822.7967316861618,164.49496815208158
42250.07421875,42534.40234375,41392.21484375,42375.6328125,42375.6328125,22417209227,24.0,-1608.2957087004543,-1779.8965270890205,171.60081838856627
42374.0390625,42478.3046875,41242.9140625,41744.328125,41744.328125,23091543258,24.0,-1601.1495073783663,-1744.14712314689,142.9976157685237
41744.02734375,43413.0234375,40672.82421875,40680.41796875,40680.41796875,20382033940,24.0,-1662.1742395205729,-1727.7525464216267,65.5783069010538
40699.60546875,41060.52734375,35791.42578125,36457.31640625,36457.31640625,43011992031,19.0,-2027.929077500703,-1787.787852637442,-240.14122486326096
36471.58984375,36688.8125,34349.25,35030.25,35030.25,39714385405,13.0,-2405.2188880691683,-1911.2740597237876,-493.94482834538076
35047.359375,36433.3125,34784.96875,36276.8046875,36276.8046875,26017975951,11.0,-2573.966156171875,-2043.8124790134052,-530.1536771584697
36275.734375,37247.51953125,33184.05859375,36654.328125,36654.328125,41856658597,13.0,-2646.7267768372767,-2164.3953385781797,-482.331438259097
36654.8046875,37444.5703125,35779.4296875,36954.00390625,36954.00390625,26428189594,12.0,-2649.6650722806953,-2261.449285318683,-388.2157869620123
36950.515625,38825.41015625,36374.90625,36852.12109375,36852.12109375,31324598034,23.0,-2629.8989460921293,-2335.1392174733724,-294.759728618757
36841.87890625,37148.32421875,35629.28125,37138.234375,37138.234375,25041426629,20.0,-2561.6184550345206,-2380.435064985602,-181.18339004891868
37128.4453125,37952.87890625,36211.109375,37784.33203125,37784.33203125,22238830523,24.0,-2427.3895569263113,-2389.825963373744,-37.563593552567454
37780.71484375,38576.26171875,37406.47265625,38138.1796875,38138.1796875,17194183075,24.0,-2266.334743301064,-2365.1277193592077,98.79297605814372
38151.91796875,38266.33984375,37437.7109375,37917.6015625,37917.6015625,14643548444,29.0,-2131.920996235116,-2318.4863747343898,186.56537849927372
37920.28125,38647.26171875,36733.57421875,38483.125,38483.125,20734730465,20.0,-1957.2027037049847,-2246.2296405285088,289.026936823524
38481.765625,39115.1328125,38113.6640625,38743.2734375,38743.2734375,20288500328,26.0,-1777.25826635283,-2152.435365693373,375.177099340543
38743.71484375,38834.6171875,36832.73046875,36952.984375,36952.984375,19155189416,28.0,-1758.837583768065,-2073.7158093083117,314.8782255402466
36944.8046875,37154.6015625,36375.5390625,37154.6015625,37154.6015625,18591534769,20.0,-1708.2782695347778,-2000.6283013536051,292.35003181882735
37149.265625,41527.78515625,37093.62890625,41500.875,41500.875,29412210792,20.0,-1302.4874412091594,-1861.000129324716,558.5126881155566
41501.48046875,41847.1640625,41038.09765625,41441.1640625,41441.1640625,19652846215,33.0,-974.4802580057949,-1683.6961550609317,709.2158970551368
41441.12109375,42500.78515625,41244.90625,42412.43359375,42412.43359375,16142097334,37.0,-628.9091945073596,-1472.7387629502173,843.8295684428576
42406.78125,44401.86328125,41748.15625,43840.28515625,43840.28515625,28641855926,45.0,-237.09288969226327,-1225.6095882986265,988.5166986063632
43854.65234375,45293.8671875,42807.8359375,44118.4453125,44118.4453125,33079398868,48.0,94.77702414796659,-961.5322658093079,1056.3092899572744
44096.703125,44727.80078125,43232.96875,44338.796875,44338.796875,23245887300,54.0,371.2868872803592,-694.9684351913745,1066.2553224717337
44347.80078125,45661.171875,43402.80859375,43565.11328125,43565.11328125,32142048537,50.0,521.9761299791862,-451.57952215726243,973.5556521364487
43571.12890625,43810.83203125,42114.5390625,42407.9375,42407.9375,26954925781,50.0,541.7787378061403,-252.90787016458194,794.6866079707222
42412.30078125,42992.55078125,41852.57421875,42244.46875,42244.46875,18152390304,44.0,538.0792426528278,-94.7104476011,632.7896902539278
42236.56640625,42693.0546875,41950.94140625,42197.515625,42197.515625,14741589015,44.0,525.3032721748532,29.292296354090638,496.01097582076255
42157.3984375,42775.77734375,41681.95703125,42586.91796875,42586.91796875,20827783012,46.0,540.3706814479447,131.50797337286144,408.8627080750832
42586.46484375,44667.21875,42491.03515625,44575.203125,44575.203125,22721659051,46.0,704.6272033832938,246.13181937494795,458.49538400834587
44578.27734375,44578.27734375,43456.69140625,43961.859375,43961.859375,19792547657,51.0,776.3605644052004,352.1775683809985,424.18299602420194
43937.0703125,44132.97265625,40249.37109375,40538.01171875,40538.01171875,26246662813,52.0,550.5870534319911,391.85946539119703,158.72758804079405
40552.1328125,40929.15234375,39637.6171875,40030.9765625,40030.9765625,23310007704,30.0,326.9772297671516,378.883018266388,-51.905788499236394
40026.0234375,40418.87890625,39713.05859375,40122.15625,40122.15625,13736557863,25.0,155.33170504663576,334.1727556224376,-178.84105057580183
40118.1015625,40119.890625,38112.8125,38431.37890625,38431.37890625,18340576452,27.0,-115.79539393720916,244.17912571050823,-359.9745196477174
38423.2109375,39394.4375,36950.4765625,37075.28125,37075.28125,29280402798,25.0,-435.0760350192868,108.32809356454922,-543.404128583836
37068.76953125,38359.85546875,36488.93359375,38286.02734375,38286.02734375,25493150450,20.0,-583.6828200121454,-30.07408915078969,-553.6087308613558
38285.28125,39122.39453125,37201.81640625,37296.5703125,37296.5703125,21849073843,25.0,-772.3920264736516,-178.5376766153621,-593.8543498582895
37278.56640625,38968.83984375,34459.21875,38332.609375,38332.609375,46383802093,23.0,-828.7919407785521,-308.58852944800014,-520.203411330552
38333.74609375,39630.32421875,38111.34375,39214.21875,39214.21875,26545599159,27.0,-793.2071720341992,-405.51225796524,-387.6949140689592
39213.08203125,40005.34765625,38702.53515625,39105.1484375,39105.1484375,17467554129,26.0,-764.9887351600264,-477.4075534041973,-287.5811817558291
39098.69921875,39778.94140625,37268.9765625,37709.78515625,37709.78515625,23450127612,26.0,-845.4734838607837,-551.0207394955146,-294.45274436526915
37706.0,43760.45703125,37518.21484375,43193.234375,43193.234375,35690014104,20.0,-461.47016144556983,-533.1106238855257,71.64046243995585
43194.50390625,44793.6015625,42952.5859375,44354.63671875,44354.63671875,32479047645,51.0,-62.70645792715368,-439.0297906938513,376.3233327666976
44357.6171875,45077.578125,43432.8515625,43924.1171875,43924.1171875,29183112630,52.0,216.08641222747247,-308.00655010958656,524.092962337059
43925.1953125,44021.578125,41914.75,42451.7890625,42451.7890625,24967782593,39.0,314.6006747448773,-183.4851051386938,498.08577988357115
42458.140625,42479.61328125,38805.84765625,39137.60546875,39137.60546875,28516271427,33.0,123.81970285972056,-122.02414353901094,245.8438463987315
39148.44921875,39566.3359375,38777.03515625,39400.5859375,39400.5859375,16975917450,22.0,-6.085120373492828,-98.83633890590733,92.7512185324145
39404.19921875,39640.17578125,38211.6484375,38419.984375,38419.984375,19745229902,22.0,-186.0176835006714,-116.27260782486016,-69.74507567581125
38429.3046875,39430.2265625,37260.203125,38062.0390625,38062.0390625,28546143503,23.0,-353.4246717513015,-163.70302061014843,-189.72165114115307
38059.90234375,39304.44140625,37957.38671875,38737.26953125,38737.26953125,25776583476,21.0,-426.6918226257112,-216.300781013261,-210.3910416124502
38742.81640625,42465.671875,38706.09375,41982.92578125,41982.92578125,32284121034,22.0,-220.31952689910395,-217.1045301904296,-3.2149967086743345
41974.0703125,42004.7265625,38832.94140625,39437.4609375,39437.4609375,31078064711,28.0,-259.17809155034774,-225.51924246241325,-33.6588490879345
39439.96875,40081.6796875,38347.43359375,38794.97265625,38794.97265625,26364890465,22.0,-337.9218658748214,-247.99976714489492,-89.92209872992646
38794.46484375,39308.59765625,38772.53515625,38904.01171875,38904.01171875,14616450657,22.0,-387.06647193104436,-275.81310810212483,-111.25336382891953
38884.7265625,39209.3515625,37728.14453125,37849.6640625,37849.6640625,17300745310,21.0,-505.2665720812802,-321.70380089795594,-183.56277118332423
37846.31640625,39742.5,37680.734375,39666.75390625,39666.75390625,24322159070,23.0,-447.16242857128236,-346.7955264326212,-100.36690213866115
39664.25,39794.62890625,38310.2109375,39338.78515625,39338.78515625,23934000868,21.0,-422.7061203674748,-361.9776452195919,-60.728475147882875
39335.5703125,41465.453125,39022.34765625,41143.9296875,41143.9296875,39616916192,24.0,-254.727897824705,-340.52769574061455,85.79979791590955
41140.84375,41287.53515625,40662.87109375,40951.37890625,40951.37890625,22009601093,27.0,-135.57832256668917,-299.5378211058295,163.95949853914033
40944.83984375,42195.74609375,40302.3984375,41801.15625,41801.15625,34421564942,25.0,27.106042422543396,-234.20904840015493,261.3150908226983
41794.6484375,42316.5546875,41602.66796875,42190.65234375,42190.65234375,19664853187,28.0,185.32731543492991,-150.301775633138,335.6290910680679
42191.40625,42241.1640625,41004.7578125,41247.82421875,41247.82421875,20127946682,31.0,231.96649867329688,-73.84812077185101,305.8146194451479
41246.1328125,41454.41015625,40668.04296875,41077.99609375,41077.99609375,24615543271,30.0,252.31613370423293,-8.61526987663423,260.93140358086714
41074.10546875,43124.70703125,40948.28125,42358.80859375,42358.80859375,32004652376,26.0,367.55725934152724,66.61923596699808,300.93802337452917
42364.37890625,42893.5078125,41877.5078125,42892.95703125,42892.95703125,25242943069,31.0,496.2673355890802,152.54885589141452,343.71847969766566
42886.65234375,44131.85546875,42726.1640625,43960.93359375,43960.93359375,31042992291,40.0,676.6478067449789,257.36864606212737,419.2791606828515
43964.546875,44999.4921875,43706.28515625,44348.73046875,44348.73046875,30574413034,47.0,841.1958148386839,374.13407981743865,467.0617350212452
44349.859375,44735.99609375,44166.2734375,44500.828125,44500.828125,16950455995,51.0,972.6620636746229,493.83967658887553,478.8223870857474
44505.35546875,46827.546875,44437.29296875,46820.4921875,46820.4921875,28160889722,49.0,1249.622644658055,644.9962702027115,604.6263744553435
46821.8515625,48086.8359375,46690.203125,47128.00390625,47128.00390625,36362175703,60.0,1476.9046882956973,811.3779538213087,665.5267344743886
47100.4375,48022.2890625,47100.4375,47465.73046875,47465.73046875,31397059069,56.0,1665.084993130935,982.119361683234,682.9656314477008
47456.8984375,47655.1484375,46746.2109375,47062.6640625,47062.6640625,29333883962,55.0,1761.390931826565,1137.9736757119003,623.4172561146647
47062.1484375,47512.02734375,45390.5390625,45538.67578125,45538.67578125,33327427106,52.0,1695.1997567239741,1249.4188919143153,445.78086480965885
45554.1640625,46616.2421875,44403.140625,46281.64453125,46281.64453125,38162644287,50.0,1683.2902205983191,1336.193157651116,347.0970629472031
46285.5,47028.28125,45782.51171875,45868.94921875,45868.94921875,29336594194,52.0,1621.8550295243913,1393.3255320257713,228.52949749862
45859.12890625,47313.4765625,45634.10546875,46453.56640625,46453.56640625,25414397610,48.0,1601.8754955830009,1435.0355247372174,166.83997084578345
46445.2734375,46791.08984375,45235.81640625,46622.67578125,46622.67578125,32499785455,52.0,1581.4572297248378,1464.3198657347416,117.13736399009622
46624.5078125,47106.140625,45544.80859375,45555.9921875,45555.9921875,29640604055,53.0,1462.3461395399572,1463.925120495785,-1.5789809558277739
45544.35546875,45544.35546875,43193.953125,43206.73828125,43206.73828125,39393395788,48.0,1164.9557015513492,1404.1312367068979,-239.1755351555487
43207.5,43860.69921875,42899.90625,43503.84765625,43503.84765625,26101973106,34.0,942.3826794628185,1311.7815252580822,-369.3988457952637
43505.13671875,43903.01953125,42183.2890625,42287.6640625,42287.6640625,27215995394,37.0,660.2452081887532,1181.4742618442165,-521.2290536554633
42282.078125,42786.81640625,42183.25390625,42782.13671875,42782.13671875,16050772496,30.0,471.1182820972317,1039.4030658948195,-568.2847837975878
42781.08984375,43376.37890625,42021.20703125,42207.671875,42207.671875,17654475582,34.0,271.746790847792,885.8718108854141,-614.1250200376221
42201.0390625,42424.58984375,39373.05859375,39521.90234375,39521.90234375,33949912166,32.0,-101.80219528323505,688.3370096516843,-790.1392049349193
39533.71484375,40617.5859375,39388.328125,40127.18359375,40127.18359375,30991500854,20.0,-345.02409672169597,481.6647883770083,-826.6888850987043
40123.5703125,41430.0546875,39712.74609375,41166.73046875,41166.73046875,27691105228,25.0,-448.7238517322112,295.5870603551644,-744.3109120873755
41160.21875,41451.48046875,39695.74609375,39935.515625,39935.515625,24342001973,28.0,-623.0730051395076,111.85504725623,-734.9280523957376
39939.40234375,40617.72265625,39866.83203125,40553.46484375,40553.46484375,21756855753,22.0,-703.2757032632944,-51.1711028476749,-652.1046004156195
40552.31640625,40633.6796875,40078.42578125,40424.484375,40424.484375,16833150693,28.0,-768.3870773259405,-194.61429774332805,-573.7727795826124
40417.77734375,40570.7265625,39620.89453125,39716.953125,39716.953125,19087633042,28.0,-867.084953559337,-329.10842890652987,-537.9765246528071
39721.203125,40986.3203125,38696.19140625,40826.21484375,40826.21484375,33705182072,24.0,-846.0429251403766,-432.4953281532992,-413.5475969870774
40828.17578125,41672.9609375,40618.6328125,41502.75,41502.75,25303206547,27.0,-765.9468741695164,-499.1856373565427,-266.76123681297366
41501.74609375,42126.30078125,40961.09765625,41374.37890625,41374.37890625,27819532341,27.0,-704.7052477060861,-540.2895594264514,-164.41568827963465
41371.515625,42893.58203125,40063.828125,40527.36328125,40527.36328125,35372786395,27.0,-716.2612854033214,-575.4839046218254,-140.77738078149594
40525.86328125,40777.7578125,39315.41796875,39740.3203125,39740.3203125,28011716745,26.0,-779.9366938082458,-616.3744624591095,-163.56223134913625
39738.72265625,39935.859375,39352.203125,39486.73046875,39486.73046875,16138021249,24.0,-841.1660560906384,-661.3327811854153,-179.8332749052231
39478.375,39845.92578125,39233.5390625,39469.29296875,39469.29296875,17964398167,24.0,-880.9428663564322,-705.2547982196188,-175.6880681368134
39472.60546875,40491.75390625,38338.37890625,40458.30859375,40458.30859375,35445730570,23.0,-823.171965666028,-728.8382317089006,-94.33373395712738
40448.421875,40713.890625,37884.984375,38117.4609375,38117.4609375,34569088416,27.0,-955.2632728525787,-774.1232399376363,-181.14003291494237
38120.30078125,39397.91796875,37997.3125,39241.12109375,39241.12109375,30981015184,21.0,-958.2307144761871,-810.9447348453465,-147.28597963084064
39241.4296875,40269.46484375,38941.421875,39773.828125,39773.828125,33903704907,24.0,-907.1404771929592,-830.1838833148691,-76.95659387809008
39768.6171875,39887.26953125,38235.53515625,38609.82421875,38609.82421875,30882994649,23.0,-949.6297427580284,-854.0730552035011,-95.55668755452734
38605.859375,38771.2109375,37697.94140625,37714.875,37714.875,23895713731,20.0,-1043.4890224855626,-891.9562486599135,-151.5327738256491
37713.265625,38627.859375,37585.7890625,38469.09375,38469.09375,27002760110,22.0,-1044.968284124101,-922.5586557527511,-122.40962837134998
38472.1875,39074.97265625,38156.5625,38529.328125,38529.328125,32922642426,28.0,-1029.4137579534508,-943.9296761928911,-85.48408176055977
38528.109375,38629.99609375,37585.62109375,37750.453125,37750.453125,27326943244,27.0,-1067.6284310909396,-968.6694271725008,-98.95900391843873
37748.01171875,39902.94921875,37732.05859375,39698.37109375,39698.37109375,36754404490,21.0,-930.0125287076007,-960.9380474795208,30.92551877192011
39695.74609375,39789.28125,35856.515625,36575.140625,36575.140625,43106256317,27.0,-1060.741958493214,-980.8988296822596,-79.84312881095445
36573.18359375,36624.359375,35482.1328125,36040.921875,36040.921875,37795577489,22.0,-1193.692814211361,-1023.45762658808,-170.23518762328115
36042.50390625,36129.92578125,34940.82421875,35501.953125,35501.953125,24375896406,23.0,-1327.247911264487,-1084.2156835233613,-243.03222774112555
35502.94140625,35502.94140625,33878.96484375,34059.265625,34059.265625,36763041910,18.0,-1531.8459455794437,-1173.7417359345777,-358.10420964486593
34060.015625,34222.07421875,30296.953125,30296.953125,30296.953125,63355494961,11.0,-1974.8141098366978,-1333.9562107150018,-640.8578991216959
30273.654296875,32596.30859375,29944.802734375,31022.90625,31022.90625,59811038817,10.0,-2241.453144683983,-1515.455597508798,-725.9975471751848
31016.18359375,32013.40234375,28170.4140625,28936.35546875,28936.35546875,70388855818,12.0,-2591.263241206114,-1730.6171262482612,-860.6461149578527
28936.734375,30032.439453125,26350.490234375,29047.751953125,29047.751953125,66989173272,12.0,-2826.9145859817872,-1949.8766181949663,-877.0379677868209
29030.91015625,30924.802734375,28782.330078125,29283.103515625,29283.103515625,42841124537,10.0,-2960.5516735013953,-2152.0116292562525,-808.5400442451428
29285.642578125,30192.802734375,28702.91015625,30101.265625,30101.265625,28579868620,9.0,-2966.2481216819833,-2314.8589277413985,-651.3891939405848
30098.5859375,31308.19140625,29527.740234375,31305.11328125,31305.11328125,25835372065,10.0,-2840.874322217409,-2420.062006636601,-420.812315580808
31304.375,31305.341796875,29251.884765625,29862.91796875,29862.91796875,32613897286,14.0,-2825.3192698196144,-2501.1134592732037,-324.2058105464107
29862.408203125,30694.490234375,29570.302734375,30425.857421875,30425.857421875,29101473475,8.0,-2736.0280413974688,-2548.096375698057,-187.93166569941195
30424.478515625,30618.716796875,28720.271484375,28720.271484375,28720.271484375,31285268319,12.0,-2770.948856976731,-2592.6668719537915,-178.28198502293935
28720.359375,30430.751953125,28708.955078125,30314.333984375,30314.333984375,33773447707,13.0,-2639.5690246587546,-2602.047302494784,-37.52172216397048
30311.119140625,30664.9765625,28793.60546875,29200.740234375,29200.740234375,30749382605,13.0,-2595.389238373631,-2600.7156896705537,5.326451296922642
29199.859375,29588.869140625,29027.39453125,29432.2265625,29432.2265625,17274840442,13.0,-2512.732214529173,-2583.118994642278,70.38678011310503
29432.47265625,30425.861328125,29275.18359375,30323.72265625,30323.72265625,21631532270,14.0,-2348.220815553839,-2536.13935882459,187.9185432707509
30309.396484375,30590.5859375,28975.560546875,29098.91015625,29098.91015625,31483454557,10.0,-2290.2756076323785,-2486.966608586148,196.69100095376962
29101.125,29774.35546875,28786.58984375,29655.5859375,29655.5859375,26616506245,12.0,-2174.3697487038007,-2424.447236609679,250.07748790587812
29653.134765625,30157.78515625,29384.94921875,29562.361328125,29562.361328125,27525063551,11.0,-2066.217893610712,-2352.8013680098857,286.5834743991736
29564.77734375,29834.16015625,28261.90625,29267.224609375,29267.224609375,36774325352,12.0,-1981.4805614168617,-2278.537206691281,297.0566452744192
29251.140625,29346.943359375,28326.61328125,28627.57421875,28627.57421875,36582005748,12.0,-1943.536180614934,-2211.537001476012,268.00082086107795
28622.625,28814.900390625,28554.56640625,28814.900390625,28814.900390625,35519577634,13.0,-1876.7157183485833,-2144.5727448505263,267.857026501943
29019.8671875,29498.009765625,28841.107421875,29445.95703125,29445.95703125,18093886409,14.0,-1752.6357299322262,-2066.185341866866,313.54961193463987
29443.365234375,31949.630859375,29303.572265625,31726.390625,31726.390625,39277993274,10.0,-1453.534076487129,-1943.6550887909189,490.12101230378994
31723.865234375,32249.86328125,31286.154296875,31792.310546875,31792.310546875,33538210634,16.0,-1197.372114048816,-1794.3984938424983,597.0263797936823
31792.5546875,31957.28515625,29501.587890625,29799.080078125,29799.080078125,41135817341,17.0,-1142.0342935310618,-1663.9256537802112,521.8913602491493
29794.890625,30604.734375,29652.705078125,30467.48828125,30467.48828125,29083562061,13.0,-1032.3435029213542,-1537.6092236084398,505.2657206870856
30467.806640625,30633.03515625,29375.689453125,29704.390625,29704.390625,26175547452,10.0,-995.5127135927105,-1429.189921605294,433.6772080125836
29706.138671875,29930.564453125,29500.005859375,29832.9140625,29832.9140625,16588370958,14.0,-945.05922592961,-1332.3637824701575,387.30455654054754
29835.1171875,30117.744140625,29574.44921875,29906.662109375,29906.662109375,17264085441,10.0,-888.8771993667324,-1243.6664658494724,354.78926648274
29910.283203125,31693.291015625,29894.1875,31370.671875,31370.671875,31947336829,13.0,-717.9431835839423,-1138.5218093963665,420.5786258124242
31371.7421875,31489.68359375,29311.68359375,31155.478515625,31155.478515625,40770974039,15.0,-593.0052547745363,-1029.4184984720005,436.41324369746417
31151.48046875,31253.69140625,29944.404296875,30214.35546875,30214.35546875,30242059107,17.0,-563.4368612440921,-936.2221710264188,372.78530978232664
30215.279296875,30609.310546875,30020.265625,30111.998046875,30111.998046875,21692004719,11.0,-542.0150724881096,-857.380751318757,315.3656788306474
30110.330078125,30245.80859375,28978.146484375,29083.8046875,29083.8046875,29867476527,13.0,-601.0759325013678,-806.1197875552792,205.04385505391144
29084.666015625,29401.916015625,28236.212890625,28360.810546875,28360.810546875,27246574439,12.0,-698.1735641570413,-784.5305428756317,86.35697871859043
28373.513671875,28502.685546875,26762.6484375,26762.6484375,26762.6484375,34163220274,14.0,-893.7795285763568,-806.3803400157768,-87.39918856058
26737.578125,26795.58984375,22141.2578125,22487.388671875,22487.388671875,68204556440,11.0,-1377.8929061789422,-920.6828532484101,-457.21005293053213
22487.986328125,23018.951171875,20950.818359375,22206.79296875,22206.79296875,50913575242,8.0,-1763.8652335393272,-1089.3193293065935,-674.5459042327336
22196.73046875,22642.671875,20178.376953125,22572.83984375,22572.83984375,54912007015,7.0,-2016.9638563027147,-1274.848234705818,-742.1156215968967
22576.3046875,22868.921875,20265.2265625,20381.650390625,20381.650390625,31183975654,7.0,-2367.0708948275606,-1493.2927667301665,-873.7781280973941
20385.71875,21243.3125,20326.51953125,20471.482421875,20471.482421875,27132421514,9.0,-2607.230026280613,-1716.080218640256,-891.149807640357
20473.42578125,20736.041015625,17708.623046875,19017.642578125,19017.642578125,42009436760,6.0,-2881.652694854598,-1949.1947138831245,-932.4579809714735
19010.90234375,20683.822265625,18067.15234375,20553.271484375,20553.271484375,35329942625,6.0,-2941.316551559521,-2147.6190814184038,-793.6974701411173
20553.37109375,20913.322265625,19689.169921875,20599.537109375,20599.537109375,30818458597,9.0,-2950.8517563675377,-2308.265616408231,-642.5861399593068
20594.294921875,21620.62890625,20415.0625,20710.59765625,20710.59765625,28970212744,9.0,-2915.8348873767536,-2429.779470601936,-486.0554167748178
20719.4140625,20835.75,19848.078125,19987.029296875,19987.029296875,28574793478,11.0,-2912.8916837885154,-2526.401913239252,-386.48977054926354
19986.607421875,21135.76171875,19950.1171875,21085.876953125,21085.876953125,26188097173,11.0,-2789.73304533575,-2579.0681396585514,-210.66490567719848
21084.6484375,21472.91796875,20777.51171875,21231.65625,21231.65625,24957784918,11.0,-2649.8202873062546,-2593.2185691880923,-56.60171811816235
21233.609375,21520.9140625,20964.5859375,21502.337890625,21502.337890625,18372538715,14.0,-2488.4118099705374,-2572.2572173445815,83.84540737404404
21496.494140625,21783.724609375,21016.26953125,21027.294921875,21027.294921875,18027170497,14.0,-2371.4893729842006,-2532.1036484725055,160.61427548830488
21028.23828125,21478.08984375,20620.19921875,20735.478515625,20735.478515625,20965695707,12.0,-2276.13675677856,-2480.9102701337165,204.7735133551564
20731.544921875,21164.423828125,20228.8125,20280.634765625,20280.634765625,21381535161,10.0,-2211.7752425800863,-2427.0832646229906,215.3080220429042
20281.169921875,20364.15625,19937.791015625,20104.0234375,20104.0234375,23552740328,13.0,-2150.2327919037307,-2371.7131700791388,221.48037817540808
20108.3125,20141.16015625,18729.65625,19784.7265625,19784.7265625,26267239923,11.0,-2102.9826705259184,-2317.967070168495,214.9843996425766
19820.470703125,20632.671875,19073.708984375,19269.3671875,19269.3671875,30767551159,11.0,-2083.1090193549717,-2270.9954600057904,187.8864406508187
19274.8359375,19371.748046875,19027.08203125,19242.255859375,19242.255859375,18100418740,14.0,-2045.9620878394999,-2225.9887855725324,180.0266977330325
19242.095703125,19558.26953125,18966.951171875,19297.076171875,19297.076171875,16390821947,11.0,-1989.1694289559891,-2178.624914249224,189.4554852932347
19297.314453125,20258.748046875,19063.06640625,20231.26171875,20231.26171875,21594638208,14.0,-1847.4832345933391,-2112.396578318047,264.91334372470783
20225.353515625,20635.466796875,19341.232421875,20190.115234375,20190.115234375,26715546990,19.0,-1718.7039330958978,-2033.6580492736173,314.95411617771947
20194.619140625,20595.529296875,19823.51171875,20548.24609375,20548.24609375,24598943708,18.0,-1569.6532558688887,-1940.8570905926717,371.2038347237831
20547.814453125,21771.81640625,20296.103515625,21637.587890625,21637.587890625,25814972520,18.0,-1348.0888126398204,-1822.3034350021014,474.21462236228103
21637.154296875,22314.94140625,21257.453125,21731.1171875,21731.1171875,49899834488,20.0,-1151.6745748875328,-1688.1776629791877,536.503088091655
21716.828125,21877.138671875,21445.95703125,21592.20703125,21592.20703125,29641127858,24.0,-995.7454315643736,-1549.691216696225,553.9457851318514
21591.080078125,21591.080078125,20727.123046875,20860.44921875,20860.44921875,28688807249,24.0,-920.605040139515,-1423.8739813848829,503.26894124536784
20856.353515625,20856.353515625,19924.5390625,19970.556640625,19970.556640625,24150249025,22.0,-922.2317192993614,-1323.5455289677786,401.3138096684172
19970.474609375,20043.4453125,19308.53125,19323.9140625,19323.9140625,25810220018,16.0,-964.5804431718971,-1251.7525118086023,287.17206863670526
19325.97265625,20223.052734375,18999.953125,20212.07421875,20212.07421875,33042430345,15.0,-915.9168902296151,-1184.585387492805,268.6684972631899
20211.466796875,20789.89453125,19689.2578125,20569.919921875,20569.919921875,31158743333,18.0,-838.8062796668019,-1115.4295659276045,276.6232862608026
20573.15625,21138.244140625,20397.0,20836.328125,20836.328125,25905575359,15.0,-747.5810012880575,-1041.859852999695,294.27885171163757
20834.103515625,21514.404296875,20518.8984375,21190.31640625,21190.31640625,24302954056,21.0,-639.3503818170939,-961.3579587631748,322.0075769460809
21195.041015625,21600.640625,20778.1796875,20779.34375,20779.34375,22927802083,24.0,-580.0524117122986,-885.0968493529997,305.04443764070106
20781.912109375,22633.033203125,20781.912109375,22485.689453125,22485.689453125,39974475562,20.0,-390.86485868332966,-786.2504512190658,395.3855925357361
22467.849609375,23666.962890625,21683.40625,23389.43359375,23389.43359375,48765202697,30.0,-166.09314228675066,-662.2189894326028,496.12584714585216
23393.19140625,24196.818359375,23009.94921875,23231.732421875,23231.732421875,42932549127,31.0,-0.6772968004079303,-529.9106509061638,529.2333541057559
23233.201171875,23388.322265625,22431.1484375,23164.62890625,23164.62890625,33631012204,34.0,123.57674382194455,-399.2131719605422,522.7899157824868
23163.751953125,23671.927734375,22603.416015625,22714.978515625,22714.978515625,31421555646,33.0,183.64894683720922,-282.6407482009919,466.2896950382011
22706.984375,22977.2109375,22002.91015625,22465.478515625,22465.478515625,24021799169,31.0,208.7180637655547,-184.36898580768258,393.08704957323727
22465.509765625,22974.001953125,22306.83984375,22609.1640625,22609.1640625,23565495303,30.0,237.44265126622122,-100.00665839290181,337.44930965912306
22607.15625,22649.12109375,21361.642578125,21361.701171875,21361.701171875,35574561406,30.0,157.7290615799502,-48.45951439833141,206.18857597828162
21361.12109375,21361.12109375,20776.81640625,21239.75390625,21239.75390625,28624673855,26.0,83.7499252621601,-22.017626466233107,105.76755172839322
21244.169921875,22986.529296875,21070.806640625,22930.548828125,22930.548828125,31758955233,28.0,159.712875758054,14.328473978624313,145.38440177942968
22933.640625,24110.470703125,22722.265625,23843.88671875,23843.88671875,40212386158,32.0,290.2667812305299,69.51613542900543,220.75064580152446
23845.212890625,24294.787109375,23481.173828125,23804.6328125,23804.6328125,35887249746,39.0,386.11335531887016,132.83557940697838,253.27777591189178
23796.818359375,24572.580078125,23580.5078125,23656.20703125,23656.20703125,28148218301,42.0,444.96643958672576,195.26175144292787,249.70468814379788
23652.0703125,24121.642578125,23275.703125,23336.896484375,23336.896484375,23553591896,39.0,460.5334968597017,248.31610052628267,212.21739633341903
23336.71875,23464.787109375,22890.796875,23314.19921875,23314.19921875,25849159141,33.0,465.6710561905529,291.78709165913676,173.88396453141615
23308.43359375,23415.041015625,22710.083984375,22978.1171875,22978.1171875,28389250717,31.0,437.57945424246645,320.9455641758027,116.63389006666375
22981.302734375,23578.650390625,22747.8359375,22846.5078125,22846.5078125,26288169966,34.0,400.0849503886384,336.7734414183699,63.311508970268505
22848.21484375,23198.009765625,22485.701171875,22630.95703125,22630.95703125,25120229769,30.0,348.95460783491944,339.20967470167983,9.744933133239613
22626.833984375,23422.828125,22612.177734375,23289.314453125,23289.314453125,28881249043,31.0,357.4370727320311,342.8551543077501,14.581918424280957
23291.423828125,23326.5625,22961.279296875,22961.279296875,22961.279296875,15978259885,31.0,333.841474956469,341.05241843749394,-7.210943481024913
22963.505859375,23359.009765625,22894.556640625,23175.890625,23175.890625,15886817043,30.0,328.670426236793,338.5760199973538,-9.905593760560805
23179.52734375,24203.689453125,23176.546875,23809.486328125,23809.486328125,28575544847,30.0,371.41674983976554,345.1441659658361,26.27258387392942
23811.484375,23898.615234375,22982.0,23164.318359375,23164.318359375,23555719219,42.0,349.20839903195156,345.9570125790592,3.2513864528923477
23162.8984375,24127.4140625,22771.51953125,23947.642578125,23947.642578125,32837431722,31.0,390.3165131536698,354.82891269398135,35.48760045968845
23948.345703125,24822.62890625,23900.99609375,23957.529296875,23957.529296875,37127036580,41.0,418.86435775725477,367.6360017066361,51.228356050618686
23957.203125,24412.56640625,23657.265625,24402.818359375,24402.818359375,27265804688,42.0,471.9791542955936,388.5046322244276,83.474522071166
24402.1875,24860.05078125,24346.115234375,24424.068359375,24424.068359375,22987346289,46.0,509.9097880017471,412.7856633798915,97.12412462185557
24429.056640625,24974.9140625,24206.259765625,24319.333984375,24319.333984375,22994133555,47.0,525.4617042900245,435.3208715619181,90.14083272810637
24318.31640625,25135.58984375,23839.775390625,24136.97265625,24136.97265625,35123501685,45.0,517.1107441037493,451.6788460702844,65.4318980334649
24126.13671875,24228.416015625,23733.5,23883.291015625,23883.291015625,27753685646,44.0,484.4382570235757,458.23072826094267,26.207528762633046
23881.31640625,24407.05859375,23243.353515625,23335.998046875,23335.998046875,30931623076,41.0,409.6607923508054,448.51674107891523,-38.85594872810981
23341.0390625,23563.83203125,23177.6015625,23212.73828125,23212.73828125,23747613147,30.0,336.5732727157156,426.1280474062753,-89.55477469055973
23213.3125,23213.3125,20868.84765625,20877.552734375,20877.552734375,40509610260,33.0,89.19277042793328,358.74099201060693,-269.54822158267365
20872.841796875,21350.806640625,20856.73046875,21166.060546875,21166.060546875,27595671000,29.0,-82.62543601323705,270.46770640583816,-353.0931424190752
21160.392578125,21668.845703125,21103.197265625,21534.12109375,21534.12109375,23102307723,27.0,-186.93828420346472,178.98650828397757,-365.9247924874423
21531.462890625,21531.462890625,20939.18359375,21398.908203125,21398.908203125,31666498758,29.0,-277.32073734591177,87.72505915799971,-365.04579650391145
21401.044921875,21646.203125,20955.138671875,21528.087890625,21528.087890625,31878280659,28.0,-334.66791801482395,3.246463723434985,-337.91438173825895
21526.455078125,21783.076171875,21195.005859375,21395.01953125,21395.01953125,31962253368,25.0,-386.39930569115677,-74.68269015948337,-311.71661553167337
21395.458984375,21789.63671875,21362.44140625,21600.904296875,21600.904296875,31028679593,25.0,-406.1023283427967,-140.96661779614604,-265.13571054665067
21596.0859375,21804.908203125,20199.482421875,20260.01953125,20260.01953125,42326789564,27.0,-523.8763891784947,-217.5485720726158,-306.3278171058789
20262.48046875,20340.775390625,19890.5234375,20041.73828125,20041.73828125,30116729776,28.0,-627.5921617514396,-299.55729000838056,-328.034871743059
20041.03515625,20139.0546875,19616.814453125,19616.814453125,19616.814453125,24366810591,28.0,-735.5959680137021,-386.7650256094449,-348.8309424042572
19615.154296875,20357.462890625,19600.78515625,20297.994140625,20297.994140625,32637854078,24.0,-757.4923543386831,-460.91049135529255,-296.5818629833905
20298.611328125,20542.64453125,19617.640625,19796.80859375,19796.80859375,34483360283,27.0,-805.9958646934247,-529.927566022919,-276.06829867050567
19799.58203125,20420.990234375,19799.58203125,20049.763671875,20049.763671875,33225232872,23.0,-814.6332997398058,-586.8687127662964,-227.76458697350938
20050.498046875,20198.390625,19653.96875,20127.140625,20127.140625,30182031010,20.0,-805.9444300853793,-630.6838562301131,-175.26057385526622
20126.072265625,20401.568359375,19814.765625,19969.771484375,19969.771484375,29123998928,25.0,-802.506022855152,-665.0482895551208,-137.45773330003112
19969.71875,20037.009765625,19698.35546875,19832.087890625,19832.087890625,23613051457,21.0,-801.6500528986508,-692.3686422238268,-109.28141067482397
19832.470703125,19999.689453125,19636.81640625,19986.712890625,19986.712890625,25245861652,20.0,-779.5090501931445,-709.7967238176903,-69.71232637545415
19988.7890625,20031.16015625,19673.046875,19812.37109375,19812.37109375,28813460025,23.0,-767.1864244601347,-721.2746639461792,-45.91176051395553
19817.724609375,20155.26953125,18800.171875,18837.66796875,18837.66796875,43403978910,22.0,-826.5431758150662,-742.3283663199567,-84.21480949510953
18837.68359375,19427.171875,18644.466796875,19290.32421875,19290.32421875,35239757134,24.0,-827.5191271522344,-759.3665184864122,-68.15260866582219
19289.94140625,19417.3515625,19076.71484375,19329.833984375,19329.833984375,32194477850,20.0,-815.7015678121024,-770.6335283515504,-45.068039460552086
19328.140625,21439.41015625,19310.962890625,21381.15234375,21381.15234375,48469528171,22.0,-633.5091200847892,-743.2086466981982,109.69952661340903
21376.912109375,21760.275390625,21168.72265625,21680.5390625,21680.5390625,36913738894,28.0,-459.66357099547895,-686.4996315576544,226.83606056217548
21678.54296875,21770.552734375,21406.9453125,21769.255859375,21769.255859375,34493951963,26.0,-311.14433852812,-611.4285729517476,300.2842344236276
21770.1484375,22439.181640625,21603.896484375,22370.44921875,22370.44921875,50212088965,25.0,-143.27886745935393,-517.798631853269,374.519764393915
22371.48046875,22673.8203125,20062.669921875,20296.70703125,20296.70703125,51091116622,34.0,-175.55425559682408,-449.34975660198,273.7955010051559
20184.5546875,20467.201171875,19793.396484375,20241.08984375,20241.08984375,37872380889,27.0,-203.27732102536174,-400.1352694866564,196.85794846129465
20242.2890625,20318.166015625,19636.734375,19701.2109375,19701.2109375,36389011503,28.0,-265.74838394202015,-373.25789237772915,107.509508435709
19704.005859375,19870.62890625,19400.076171875,19772.583984375,19772.583984375,30123362273,20.0,-305.9709009044527,-359.8004940830739,53.82959317862117
19777.033203125,20162.53125,19777.033203125,20127.576171875,20127.576171875,24957448100,22.0,-305.67895592169225,-348.97618645079757,43.29723052910532
20127.234375,20127.234375,19387.4921875,19419.505859375,19419.505859375,31254779144,27.0,-358.4509446853772,-350.8711380977135,-7.579806587663654
19418.572265625,19639.48046875,18390.318359375,19544.12890625,19544.12890625,40177002624,21.0,-385.77016924028067,-357.85094432622697,-27.9192249140537
19545.591796875,19602.45703125,18813.455078125,18890.7890625,18890.7890625,36791346508,23.0,-454.8961569913845,-377.2599868592585,-77.63617013212598
18891.283203125,19674.630859375,18290.314453125,18547.400390625,18547.400390625,46363793975,23.0,-531.2635211397828,-408.0606937153634,-123.20282742441941
18534.650390625,19456.91015625,18415.591796875,19413.55078125,19413.55078125,41135767926,22.0,-515.9465984011767,-429.63787465252614,-86.3087237486506
19412.400390625,19464.671875,18617.552734375,19297.638671875,19297.638671875,38896078052,20.0,-507.3129770786145,-445.1728951377438,-62.14008194087069
19296.990234375,19310.197265625,18861.974609375,18937.01171875,18937.01171875,26149643168,24.0,-523.5353614532032,-460.84538840083576,-62.68997305236746
18936.310546875,19134.732421875,18696.46875,18802.09765625,18802.09765625,23359966112,24.0,-541.0413671717142,-476.8845841550115,-64.15678301670272
18803.900390625,19274.873046875,18721.28515625,19222.671875,19222.671875,44148798321,21.0,-515.0411050033508,-484.5158883246794,-30.525216678671427
19221.83984375,20338.455078125,18915.66796875,19110.546875,19110.546875,58571439619,20.0,-497.7455593728264,-487.16182253430884,-10.583736838517552
19104.62109375,19688.34375,18553.296875,19426.720703125,19426.720703125,53071298734,20.0,-453.30076030335476,-480.38961008811805,27.088849784763283
19427.779296875,19589.265625,18924.353515625,19573.05078125,19573.05078125,41037843771,22.0,-401.64046123549633,-464.63978031759376,62.99931908209743
19573.431640625,20109.849609375,19265.662109375,19431.7890625,19431.7890625,43975248085,21.0,-367.8575097722387,-445.2833262085228,77.4258164362841
19431.10546875,19471.154296875,19231.08203125,19312.095703125,19312.095703125,18719537670,20.0,-346.74546524521793,-425.57575401586183,78.8302887706439
19311.849609375,19370.30859375,18970.62109375,19044.107421875,19044.107421875,20765955327,24.0,-347.6311568950405,-409.9868345916976,62.3556776966571
19044.068359375,19653.54296875,19025.2265625,19623.580078125,19623.580078125,30484729489,24.0,-298.1377272686077,-387.61701312707964,89.47928585847194
19623.583984375,20380.34375,19523.83984375,20336.84375,20336.84375,35887278685,20.0,-199.06471624626283,-349.9065537509163,150.84183750465348
20335.900390625,20343.748046875,19801.80078125,20160.716796875,20160.716796875,33223790572,25.0,-133.22488089404214,-306.5702191795415,173.34533828549934
20161.0390625,20408.392578125,19900.087890625,19955.443359375,19955.443359375,34711412966,26.0,-96.49782107797728,-264.55573955922864,168.05791848125136
19957.55859375,20041.0859375,19395.79296875,19546.849609375,19546.849609375,29227315390,23.0,-99.21774206450573,-231.48814006028408,132.27039799577835
19546.328125,19601.6953125,19299.4140625,19416.568359375,19416.568359375,16437423167,24.0,-110.61085403897232,-207.31268285602175,96.70182881704943
19417.478515625,19542.5390625,19349.259765625,19446.42578125,19446.42578125,16837262532,22.0,-115.89477017664103,-189.02910032014563,73.1343301435046
19446.416015625,19515.466796875,19102.978515625,19141.484375,19141.484375,27425022774,22.0,-143.03966257593493,-179.8312127713035,36.791550195368586
19139.0,19241.9609375,18925.603515625,19051.41796875,19051.41796875,28711532910,24.0,-169.8617313352006,-177.83731648408292,7.975585148882317
19052.646484375,19203.19921875,19029.7578125,19157.4453125,19157.4453125,24950173846,20.0,-180.4824047211223,-178.3663341314908,-2.116070589631505
19156.966796875,19453.328125,18319.822265625,19382.904296875,19382.904296875,44219840004,20.0,-168.7613334953203,-176.4453340042567,7.684000508936407
19382.533203125,19889.146484375,19115.408203125,19185.65625,19185.65625,38452356727,24.0,-173.38983888399162,-175.8342349802037,2.444396096212074
19185.4375,19212.541015625,19019.25,19067.634765625,19067.634765625,16192235532,24.0,-184.45502745620252,-177.55839347540348,-6.896633980799038
19068.9140625,19389.603515625,19068.9140625,19268.09375,19268.09375,17988916650,24.0,-175.03125305459253,-177.0529653912413,2.0217123366487613
19268.5625,19635.802734375,19173.333984375,19550.7578125,19550.7578125,27472552998,20.0,-143.10459572507534,-170.26329145800813,27.158695732932784
19550.466796875,19666.994140625,19144.76953125,19334.416015625,19334.416015625,30580012344,22.0,-133.71804633471038,-162.95424243334858,29.236196098638203
19335.02734375,19348.416015625,19127.6875,19139.53515625,19139.53515625,22425387184,23.0,-140.38611127719196,-158.44061620211727,18.05450492492531
19138.0859375,19315.19921875,18971.458984375,19053.740234375,19053.740234375,24493974420,23.0,-150.8545763101647,-156.92340822372677,6.0688319135620645
19053.203125,19237.384765625,18770.970703125,19172.46875,19172.46875,32459287866,23.0,-147.86600406323123,-155.11192739162766,7.2459233283964295
19172.380859375,19248.068359375,19132.244140625,19208.189453125,19208.189453125,16104440957,20.0,-140.98993263400553,-152.28752844010324,11.297595806097718
19207.734375,19646.65234375,19124.197265625,19567.0078125,19567.0078125,22128794335,23.0,-105.37228751698422,-142.90448025547943,37.53219273849521
19567.76953125,19589.125,19206.32421875,19345.572265625,19345.572265625,30202235805,22.0,-93.93027542368145,-133.10963928911985,39.179363865438404
19344.96484375,20348.412109375,19261.447265625,20095.857421875,20095.857421875,47761524910,20.0,-24.043498209000973,-111.29641107309608,87.25291286409511
20092.236328125,20938.134765625,20076.1171875,20770.44140625,20770.44140625,58895950537,33.0,84.79806671798724,-72.07751551487942,156.87558223286666
20772.802734375,20854.044921875,20255.373046875,20285.8359375,20285.8359375,49625110402,32.0,130.44845122809784,-31.57232216628397,162.02077339438182
20287.95703125,20724.98046875,20086.068359375,20595.3515625,20595.3515625,43994715910,30.0,189.4185350895459,12.625849284882001,176.7926858046639
20595.103515625,20988.39453125,20566.484375,20818.4765625,20818.4765625,40369840645,34.0,251.26069725917478,60.35281887974056,190.9078783794342
20817.982421875,20917.005859375,20547.462890625,20635.603515625,20635.603515625,31486345556,34.0,282.2610006640534,104.73445523660314,177.5265454274503
20633.6953125,20795.3203125,20287.458984375,20495.7734375,20495.7734375,45668466815,31.0,292.1778019352387,142.22312457633026,149.9546773589084
20494.8984375,20647.2890625,20359.845703125,20485.2734375,20485.2734375,39819303159,30.0,295.78010718262885,172.93452109759,122.84558608503886
20482.958984375,20742.810546875,20087.134765625,20159.50390625,20159.50390625,55552169483,30.0,269.2443996022921,192.1964967985304,77.0479028037617
20162.689453125,20382.095703125,20086.240234375,20209.98828125,20209.98828125,43228750179,30.0,249.41324665926368,203.63984677067708,45.773399888586596
20208.76953125,21209.560546875,20188.01953125,21147.23046875,21147.23046875,64072727950,30.0,305.7994609157613,224.07176959969394,81.72769131606736
21144.83203125,21446.88671875,21097.634765625,21282.69140625,21282.69140625,37846047609,38.0,357.2978008783648,250.71697585542813,106.58082502293666
21285.056640625,21345.376953125,20920.19140625,20926.486328125,20926.486328125,35082693210,40.0,365.15851341027883,273.6052833663983,91.55323004388055
20924.62109375,21053.24609375,20489.97265625,20602.81640625,20602.81640625,53510852236,33.0,341.33601791209367,287.1514302755374,54.18458763655627
20600.671875,20664.607421875,17603.544921875,18541.271484375,18541.271484375,118992465607,31.0,154.32807447576852,260.5867591155836,-106.2586846398151
18543.76171875,18590.458984375,15682.6923828125,15880.7802734375,15880.7802734375,102905151606,29.0,-206.1797621314763,167.23345486617166,-373.41321699764796
15883.158203125,18054.3125,15834.0185546875,17586.771484375,17586.771484375,83202283721,22.0,-350.188827978247,63.748998297287926,-413.9378262755349
17583.251953125,17650.943359375,16543.482421875,17034.29296875,17034.29296875,55871616488,25.0,-503.09804801656355,-49.620410965482364,-453.47763705108116
17036.875,17066.67578125,16651.775390625,16799.185546875,16799.185546875,29717699419,21.0,-635.9204159110632,-166.88041195459854,-469.0400039564646
16799.72265625,16920.765625,16320.634765625,16353.365234375,16353.365234375,27209183682,22.0,-768.300581886404,-287.1644459409597,-481.13613594544427
16352.0283203125,17109.32421875,15872.94140625,16618.19921875,16618.19921875,49630243054,24.0,-842.1353162259293,-398.1586199979537,-443.9766962279756
16617.484375,17051.962890625,16542.55078125,16884.61328125,16884.61328125,36599436183,22.0,-869.1336550534652,-492.353627009056,-376.78002804440916
16884.341796875,16960.294921875,16430.111328125,16669.439453125,16669.439453125,33925512989,23.0,-897.5464064633161,-573.392182899908,-324.1542235634081
16670.42578125,16726.439453125,16460.68359375,16687.517578125,16687.517578125,27868914022,20.0,-908.1365304287174,-640.3410524056699,-267.7954780230475
16687.912109375,16947.05859375,16564.611328125,16697.77734375,16697.77734375,26862218609,23.0,-905.266059007834,-693.3260537261027,-211.94000528173126
16696.220703125,16797.876953125,16570.41015625,16711.546875,16711.546875,16106223492,23.0,-891.6022676922403,-732.9812965193303,-158.62097117291
16712.919921875,16746.779296875,16248.6923828125,16291.83203125,16291.83203125,21313378652,24.0,-904.2178344798267,-767.2286041114296,-136.9892303683971
16291.2236328125,16291.2236328125,15599.046875,15787.2841796875,15787.2841796875,37429485518,21.0,-944.0461802701902,-802.5921193431817,-141.45406092700853
15782.30078125,16253.0478515625,15656.6064453125,16189.76953125,16189.76953125,30726828760,22.0,-932.3852700921816,-828.5507494929817,-103.83452059919989
16195.5888671875,16638.193359375,16170.5029296875,16610.70703125,16610.70703125,32958875628,22.0,-879.0446963619179,-838.6495388667689,-40.395157495148965
16611.63671875,16771.474609375,16501.767578125,16604.46484375,16604.46484375,26129037414,20.0,-827.733997469415,-836.4664305872982,8.732433117883147
16602.26953125,16603.31640625,16388.404296875,16521.841796875,16521.841796875,18678255976,20.0,-784.6914536722143,-826.1114352042814,41.41998153206714
16521.576171875,16666.86328125,16416.228515625,16464.28125,16464.28125,18000008764,22.0,-746.6180347365516,-810.2127551107355,63.59472037418391
16463.8828125,16594.40625,16437.025390625,16444.626953125,16444.626953125,20443898509,26.0,-709.8478295121822,-790.1397699910249,80.29194047884266
16440.22265625,16482.93359375,16054.5302734375,16217.322265625,16217.322265625,27743025156,28.0,-691.0823978747176,-770.3282955677635,79.24589769304589
16217.6396484375,16522.2578125,16139.396484375,16444.982421875,16444.982421875,23581685468,26.0,-650.3436295932297,-746.3313623728568,95.9877327796271
16445.4765625,17190.9375,16445.4765625,17168.56640625,17168.56640625,29523576583,29.0,-553.2926684585218,-707.7236235899899,154.43095513146807
17168.001953125,17197.498046875,16888.388671875,16967.1328125,16967.1328125,22895392882,27.0,-487.0190378007501,-663.582706432142,176.56366863139192
16968.68359375,17088.66015625,16877.880859375,17088.66015625,17088.66015625,19539705127,27.0,-419.85068963239974,-614.8363030721936,194.98561343979384
17090.09765625,17116.041015625,16888.140625,16908.236328125,16908.236328125,16217776704,27.0,-376.83407619272475,-567.2358576962998,190.40178150357508
16908.169921875,17157.767578125,16903.439453125,17130.486328125,17130.486328125,16824520830,26.0,-321.1078511195592,-518.0102563809517,196.90240526139246
17128.89453125,17378.15234375,16922.431640625,16974.826171875,16974.826171875,22209086834,26.0,-286.20568894121607,-471.6493428930046,185.44365395178852
16975.23828125,17091.86328125,16939.921875,17089.50390625,17089.50390625,19889922369,25.0,-246.45100541611828,-426.60967539762737,180.1586699815091
17089.505859375,17109.376953125,16750.55859375,16848.126953125,16848.126953125,19675404389,29.0,-231.7507566880122,-387.6378916557043,155.88713496769213
16847.349609375,17267.916015625,16788.783203125,17233.474609375,17233.474609375,20496603770,25.0,-186.85244955985763,-347.480803236535,160.62835367667736
17232.1484375,17280.546875,17100.8359375,17133.15234375,17133.15234375,20328426366,26.0,-157.54925633768653,-309.49449385676536,151.94523751907883
17134.220703125,17216.826171875,17120.68359375,17128.724609375,17128.724609375,12706781969,27.0,-133.14869052871654,-274.2253331911556,141.07664266243904
17129.7109375,17245.634765625,17091.8203125,17104.193359375,17104.193359375,14122486832,26.0,-114.47098295155956,-242.27446314323637,127.80348019167681
17102.5,17212.564453125,16899.39453125,17206.4375,17206.4375,19617581341,27.0,-90.37671100562511,-211.89491271571413,121.51820171008902
17206.44140625,17930.0859375,17111.763671875,17781.318359375,17781.318359375,26634741631,27.0,-24.610056613444613,-174.43794149526022,149.8278848818156
17782.06640625,18318.53125,17739.513671875,17815.650390625,17815.650390625,25534481470,30.0,29.935718484284735,-133.56320949935125,163.49892798363598
17813.64453125,17846.744140625,17322.58984375,17364.865234375,17364.865234375,20964448341,31.0,36.369795130831335,-99.57660857331473,135.94640370414606
17364.546875,17505.525390625,16584.701171875,16647.484375,16647.484375,24031608960,29.0,-16.23069536838011,-82.90742593232781,66.6767305639477
16646.982421875,16800.58984375,16614.029296875,16795.091796875,16795.091796875,14463581825,28.0,-45.48198965131087,-75.42233867612443,29.940349024813557
16795.609375,16815.38671875,16697.8203125,16757.9765625,16757.9765625,10924354698,26.0,-70.84211652225349,-74.50629424535023,3.664177723096742
16759.041015625,16807.52734375,16398.13671875,16439.6796875,16439.6796875,17221074814,29.0,-115.29504792800799,-82.66404498188179,-32.6310029461262
16441.787109375,17012.984375,16427.8671875,16906.3046875,16906.3046875,22722096615,29.0,-111.585292785192,-88.44829454254383,-23.13699824264816
16904.52734375,16916.80078125,16755.912109375,16817.53515625,16817.53515625,14882945045,26.0,-114.48849232816792,-93.65633409966865,-20.832158228499267
16818.380859375,16866.673828125,16592.408203125,16830.341796875,16830.341796875,16441573050,28.0,-114.43675434385295,-97.81241814850553,-16.624336195347425
16829.64453125,16905.21875,16794.458984375,16796.953125,16796.953125,15329265213,27.0,-115.75558012572583,-101.4010505439496,-14.354529581776234
16796.9765625,16864.703125,16793.52734375,16847.755859375,16847.755859375,9744636213,29.0,-111.41705649898358,-103.4042517349564,-8.01280476402718
16847.505859375,16860.5546875,16755.25390625,16841.986328125,16841.986328125,11656379938,29.0,-107.20846576294207,-104.16509454055354,-3.0433712223885294
16842.25,16920.123046875,16812.369140625,16919.8046875,16919.8046875,11886957804,28.0,-96.48165556931781,-102.6284067463064,6.146751176988587
16919.291015625,16959.845703125,16642.072265625,16717.173828125,16717.173828125,15748580239,27.0,-103.1422385806436,-102.73117311317384,-0.41106546746976846
16716.400390625,16768.169921875,16497.556640625,16552.572265625,16552.572265625,17005713920,28.0,-120.31584292193293,-106.24810707492567,-14.067735847007256
16552.322265625,16651.755859375,16508.68359375,16642.341796875,16642.341796875,14472237479,28.0,-125.23872311328887,-110.04623028259832,-15.192492830690554
16641.330078125,16643.427734375,16408.474609375,16602.5859375,16602.5859375,15929162910,28.0,-130.8398661978208,-114.20495746564282,-16.63490873217799
16603.673828125,16628.986328125,16517.51953125,16547.49609375,16547.49609375,11239186456,25.0,-138.13180496834684,-118.99032696618363,-19.14147800216321
16547.9140625,16630.439453125,16521.234375,16625.080078125,16625.080078125,9244361700,26.0,-136.08167499547199,-122.4085965720413,-13.673078423430681
16625.509765625,16759.34375,16572.228515625,16688.470703125,16688.470703125,12097775227,27.0,-127.8678574954065,-123.50044875671435,-4.3674087386921485
16688.84765625,16760.447265625,16622.37109375,16679.857421875,16679.857421875,13903079207,26.0,-120.66244619198915,-122.93284824376931,2.2704020517801666
16680.205078125,16964.5859375,16667.763671875,16863.23828125,16863.23828125,18421743322,29.0,-99.01343777116927,-118.14896614924932,19.135528378080053
16863.47265625,16884.021484375,16790.283203125,16836.736328125,16836.736328125,13692758566,29.0,-83.03772159080108,-111.12671723755969,28.088995646758605
16836.47265625,16991.994140625,16716.421875,16951.96875,16951.96875,14413662913,26.0,-60.38250606810834,-100.97787500366942,40.59536893556108
16952.1171875,16975.017578125,16914.19140625,16955.078125,16955.078125,7714767174,25.0,-41.69653229884352,-89.12160646270425,47.42507416386073
16954.146484375,17091.14453125,16924.05078125,17091.14453125,17091.14453125,9768827914,25.0,-15.727049989032821,-74.44269516796997,58.71564517893715
17093.9921875,17389.95703125,17093.9921875,17196.5546875,17196.5546875,18624736866,25.0,13.207423544172343,-56.91267142554151,70.12009496971385
17192.94921875,17484.720703125,17162.990234375,17446.29296875,17446.29296875,15808338949,26.0,55.64851300985538,-34.400434538462136,90.04894754831751
17446.359375,17934.896484375,17337.994140625,17934.896484375,17934.896484375,18372283782,26.0,127.24282636747375,-2.0717823572749587,129.31460872474872
18117.59375,19030.087890625,17995.203125,18869.587890625,18869.587890625,34971338710,30.0,256.44745384005,49.632064882190036,206.81538895785997
18868.90625,19964.322265625,18753.1640625,19909.57421875,19909.57421875,29225029694,31.0,437.7155448004414,127.24876086584032,310.4667839346011
19910.537109375,21075.142578125,19907.828125,20976.298828125,20976.298828125,38967784639,46.0,659.8413336819394,233.76727542906016,426.07405825287924
20977.484375,20993.748046875,20606.986328125,20880.798828125,20880.798828125,19298407543,52.0,818.7337171796171,350.76056377917155,467.97315340044554
20882.224609375,21360.875,20715.74609375,21169.6328125,21169.6328125,26792494050,45.0,956.932640699968,471.99497916333087,484.93766153663717
21175.833984375,21438.66015625,20978.533203125,21161.51953125,21161.51953125,24999983362,51.0,1053.6557219828646,588.3271277272377,465.32859425562697
21161.05078125,21564.501953125,20541.544921875,20688.78125,20688.78125,30005625418,52.0,1079.7171253727938,686.6051272563489,393.11199811644497
20686.74609375,21163.01171875,20685.380859375,21086.79296875,21086.79296875,21152848261,45.0,1119.5813577253284,773.2003733501448,346.38098437518363
21085.373046875,22692.357421875,20919.126953125,22676.552734375,22676.552734375,28799154319,51.0,1264.8736993308703,871.53503854629,393.33866078458027
22677.427734375,23282.34765625,22511.833984375,22777.625,22777.625,32442278429,53.0,1372.354960247394,971.6990228865109,400.6559373608832
22777.986328125,23056.73046875,22387.900390625,22720.416015625,22720.416015625,24746386230,53.0,1436.360872921341,1064.631392893477,371.72948002786416
22721.087890625,23126.486328125,22654.3046875,22934.431640625,22934.431640625,26518700512,50.0,1487.211642134018,1149.147442741585,338.0641993924328
22929.626953125,23134.01171875,22549.744140625,22636.46875,22636.46875,26405069715,52.0,1486.3345880811721,1216.5848718095026,269.7497162716695
22639.267578125,23722.099609375,22406.076171875,23117.859375,23117.859375,30685366709,51.0,1507.1106829049386,1274.6900340285897,232.42064887634888
23108.955078125,23237.078125,22911.373046875,23032.77734375,23032.77734375,26357839322,54.0,1499.4260289730737,1319.6372330174866,179.78879595558715
23030.716796875,23417.720703125,22654.59375,23078.728515625,23078.728515625,25383335641,55.0,1479.9834331478487,1351.706473043559,128.27696010428963
23079.96484375,23165.896484375,22908.845703125,23031.08984375,23031.08984375,14712928379,52.0,1444.0844861477708,1370.1820756644015,73.9024104833693
23031.44921875,23919.890625,22985.0703125,23774.56640625,23774.56640625,27423687259,55.0,1458.8103989124065,1387.9077403140027,70.90265859840383
23774.6484375,23789.34765625,22657.58203125,22840.138671875,22840.138671875,27205595568,61.0,1379.1819312546431,1386.1625785021308,-6.9806472474876955
22840.796875,23225.021484375,22765.568359375,23139.283203125,23139.283203125,22837828665,51.0,1324.9411635740034,1373.9182955165054,-48.977131942501956
23137.8359375,23764.5390625,22877.75,23723.76953125,23723.76953125,26683255504,56.0,1313.9714810128316,1361.9289326157707,-47.957451602939045
23720.82421875,24167.2109375,23468.595703125,23471.87109375,23471.87109375,32066936882,60.0,1270.3085041513732,1343.6048469228913,-73.29634277151808
23469.412109375,23678.103515625,23279.955078125,23449.322265625,23449.322265625,27083066007,60.0,1219.8244020402344,1318.84875794636,-99.02435590612549
23446.3203125,23556.94921875,23291.794921875,23331.84765625,23331.84765625,15639298538,58.0,1156.9990038886026,1286.4788071348084,-129.47980324620585
23332.248046875,23423.435546875,22841.759765625,22955.666015625,22955.666015625,19564262605,58.0,1064.5828601713583,1242.0996177421184,-177.5167575707601
22954.021484375,23119.279296875,22692.025390625,22760.109375,22760.109375,23825006542,56.0,964.4450912242683,1186.5687124385486,-222.12362121428032
22757.267578125,23310.974609375,22756.2578125,23264.291015625,23264.291015625,27187964471,54.0,915.2183650480692,1132.2986429604528,-217.0802779123835
23263.416015625,23367.958984375,22731.09765625,22939.3984375,22939.3984375,25371367758,58.0,840.3032216117535,1073.8995586907129,-233.59633707895932
22946.56640625,22996.4375,21773.974609375,21819.0390625,21819.0390625,32572572185,55.0,682.6595183882928,995.6515506302288,-312.99203224193604
21819.005859375,21941.185546875,21539.392578125,21651.18359375,21651.18359375,27078406594,48.0,537.9797190008176,904.1171843043467,-366.1374653035291
21651.841796875,21891.41015625,21618.44921875,21870.875,21870.875,16356226232,49.0,436.02101719865095,810.4979508832076,-374.4769336845567
21870.90234375,22060.994140625,21682.828125,21788.203125,21788.203125,17821046406,50.0,344.57503553372226,717.3133678133106,-372.73833227958835
21787.0,21898.4140625,21460.087890625,21808.1015625,21808.1015625,23918742607,48.0,270.5898821149458,627.9686706736377,-357.3787885586919
21801.822265625,22293.140625,21632.39453125,22220.8046875,22220.8046875,26792596581,50.0,242.46284730405387,550.867505999721,-308.4046586956671
22220.5859375,24307.841796875,22082.76953125,24307.841796875,24307.841796875,32483312909,53.0,384.15017807410914,517.5240404145986,-133.3738623404895
24307.349609375,25134.1171875,23602.5234375,23623.474609375,23623.474609375,39316664596,62.0,436.1875968760178,501.2567517068825,-65.0691548308647
23621.283203125,24924.041015625,23460.755859375,24565.6015625,24565.6015625,41358451255,61.0,547.1422819772124,510.4338577609485,36.70842421626389
24565.296875,24798.8359375,24468.373046875,24641.27734375,24641.27734375,19625427158,60.0,633.8741655952144,535.1219193278017,98.75224626741272
24640.02734375,25093.0546875,24327.642578125,24327.642578125,24327.642578125,25555105670,60.0,669.583561307667,562.0142477237748,107.56931358389215
24336.623046875,25020.458984375,23927.91015625,24829.1484375,24829.1484375,28987376573,58.0,729.9365916159113,595.5987165022021,134.33787511370917
24833.048828125,25126.8515625,24200.36328125,24436.353515625,24436.353515625,31252098714,60.0,737.5692957634965,623.992832354461,113.57646340903545
24437.41796875,24472.33984375,23644.318359375,24188.84375,24188.84375,30199996781,59.0,715.399617757892,642.2741894351473,73.12542832274471
24190.71875,24572.08984375,23693.919921875,23947.4921875,23947.4921875,30476264066,56.0,670.624393619506,647.9442302720191,22.680163347486882
23946.0078125,24103.705078125,23007.072265625,23198.126953125,23198.126953125,26811744928,53.0,568.1232233202682,631.980028881669,-63.85680556140085
23200.125,23210.2109375,22861.55859375,23175.375,23175.375,16100721565,52.0,479.52672926593004,601.4893689585213,-121.96263969259121
23174.150390625,23654.3671875,23084.220703125,23561.212890625,23561.212890625,16644534842,51.0,435.427920592123,568.2770792852416,-132.84915869311862
23561.451171875,23857.890625,23205.87890625,23522.87109375,23522.87109375,22660763494,50.0,392.85682549193734,533.1930285265807,-140.3362030346434
23521.837890625,23585.384765625,23077.650390625,23147.353515625,23147.353515625,20535363434,53.0,325.0705843465803,491.5685396905807,-166.4979553440004
23150.9296875,23880.6328125,23088.626953125,23646.55078125,23646.55078125,24662841200,50.0,308.079201968063,454.87067214607714,-146.79147017801415
23647.01953125,23739.138671875,23245.021484375,23475.466796875,23475.466796875,20386398516,51.0,277.6082660009306,419.41819091704787,-141.80992491611727
23476.6328125,23479.34765625,22213.23828125,22362.6796875,22362.6796875,26062404610,50.0,161.80205654946258,367.8949640435308,-206.09290749406824
22362.923828125,22405.177734375,22198.98046875,22353.349609375,22353.349609375,11166012913,50.0,68.48251805131076,308.0124748450868,-239.52995679377602
22354.14453125,22613.685546875,22307.142578125,22435.513671875,22435.513671875,13317001733,47.0,1.142890104878461,246.63855789704513,-245.49566779216667
22436.81640625,22584.29296875,22331.314453125,22429.7578125,22429.7578125,17353192895,48.0,-52.08825892129971,186.89319453337617,-238.9814534546759
22428.322265625,22527.41796875,22011.26171875,22219.76953125,22219.76953125,22765452204,49.0,-109.9511786407129,127.52431989855836,-237.47549853927126
22216.44140625,22268.896484375,21708.05078125,21718.080078125,21718.080078125,22536575684,50.0,-194.05318119277945,63.208819680290794,-257.26200087307024
21720.080078125,21802.716796875,20210.306640625,20363.021484375,20363.021484375,30364664171,44.0,-365.8294735063064,-22.59883895702864,-343.23063454927774
20367.001953125,20370.595703125,19628.25390625,20187.244140625,20187.244140625,39578257695,34.0,-510.2651661478849,-120.13210439519989,-390.13306175268497
20187.876953125,20792.525390625,20068.66015625,20632.41015625,20632.41015625,30180288176,33.0,-582.1002270434437,-212.52572892484866,-369.5744981185951
20628.029296875,22185.03125,20448.806640625,22163.94921875,22163.94921875,29279035521,33.0,-509.57358057081365,-271.93529925404164,-237.638281316772
22156.40625,24550.837890625,21918.19921875,24197.533203125,24197.533203125,49466362688,49.0,-284.72037924671895,-274.4923152525771,-10.228063994141849
24201.765625,26514.716796875,24081.18359375,24746.07421875,24746.07421875,54622230164,56.0,-61.55040682901745,-231.90393356786518,170.35352673884773
24770.92578125,25240.615234375,23964.91015625,24375.9609375,24375.9609375,43655701450,50.0,84.47458510028082,-168.62822983423598,253.1028149345168
24373.45703125,25190.326171875,24225.111328125,25052.7890625,25052.7890625,33866061747,52.0,251.91094390414582,-84.52039508655962,336.43133899070546
25055.123046875,27787.8125,24955.169921875,27423.9296875,27423.9296875,50730261335,51.0,569.3733154011388,46.258347010980074,523.1149683901588
27448.1171875,27725.953125,26636.26171875,26965.87890625,26965.87890625,35723036817,64.0,775.0691473813968,192.02050708506343,583.0486402963334
26969.50390625,28440.560546875,26907.716796875,28038.67578125,28038.67578125,37769448859,63.0,1012.9733915553152,356.2110839791138,656.7623075762014
28041.6015625,28527.724609375,27242.880859375,27767.236328125,27767.236328125,44774027664,66.0,1166.168459629691,518.2025591092292,647.9659005204617
27768.392578125,28439.5625,27439.646484375,28175.81640625,28175.81640625,36102192830,68.0,1305.4966991437468,675.6613871161328,629.835312027614
28158.720703125,28803.3359375,26759.99609375,27307.4375,27307.4375,33382021890,62.0,1330.5071541146572,806.6305405158377,523.8766135988195
27301.95703125,28729.84375,27183.36328125,28333.97265625,28333.97265625,24220433689,57.0,1416.8286096005359,928.6701543327774,488.1584552677584
28324.111328125,28388.4375,27039.265625,27493.28515625,27493.28515625,25980310960,61.0,1401.2497942735135,1023.1860823209247,378.06371195258885
27487.337890625,27791.826171875,27196.234375,27494.70703125,27494.70703125,13383005987,64.0,1373.188937031271,1093.186653262994,280.00228376827704
27495.5234375,28178.14453125,27445.046875,27994.330078125,27994.330078125,13878363192,64.0,1375.4110276944048,1149.6315281492762,225.7794995451286
27994.068359375,28037.92578125,26606.689453125,27139.888671875,27139.888671875,18188895178,64.0,1293.3172141519099,1178.368665349803,114.94854880210687
27132.888671875,27460.71875,26677.818359375,27268.130859375,27268.130859375,17783600385,59.0,1224.4901875684482,1187.5929697935321,36.897217774916044
27267.03125,28619.54296875,27259.662109375,28348.44140625,28348.44140625,20684945906,57.0,1242.7901939837611,1198.632414631578,44.15777935218307
28350.140625,29159.90234375,27720.16015625,28033.5625,28033.5625,22435349951,60.0,1217.8464094062,1202.4752135865024,15.371195819697732
28032.26171875,28639.896484375,27583.71484375,28478.484375,28478.484375,19001327598,63.0,1219.9173099861036,1205.9636328664228,13.953677119680833
28473.33203125,28802.45703125,28297.171875,28411.03515625,28411.03515625,10876469901,61.0,1202.2570544149567,1205.2223171761298,-2.9652627611731077
28462.845703125,28518.958984375,27884.087890625,28199.30859375,28199.30859375,12284641999,63.0,1157.8298685183108,1195.743827444566,-37.91395892625519
28183.080078125,28475.623046875,27276.720703125,27790.220703125,27790.220703125,19556501327,63.0,1077.1938100193038,1172.0338239595137,-94.84001394020993
27795.2734375,28433.7421875,27681.3046875,28168.08984375,28168.08984375,15284538859,62.0,1031.8851052050486,1144.0040802086207,-112.11897500357213
28169.7265625,28739.23828125,27843.763671875,28177.984375,28177.984375,17052315986,62.0,985.416765120317,1112.28661719096,-126.86985207064299
28175.2265625,28178.384765625,27738.759765625,28044.140625,28044.140625,13837809380,63.0,927.1031309784812,1075.2499199484644,-148.14678896998316
28038.966796875,28111.59375,27794.03125,27925.859375,27925.859375,10861680497,64.0,861.4149916254391,1032.4829342838593,-171.06794265842018
27920.513671875,28159.86328125,27883.38671875,27947.794921875,27947.794921875,9373255556,61.0,801.8830743146464,986.3629622900168,-184.4798879753704
27952.3671875,28532.830078125,27828.48046875,28333.05078125,28333.05078125,12175322951,61.0,776.8356512513274,944.457500082279,-167.62184883095165
28336.02734375,29771.46484375,28189.271484375,29652.98046875,29652.98046875,19282400094,62.0,853.6523102330393,926.2964621124311,-72.64415187939176
29653.6796875,30509.083984375,29609.30078125,30235.05859375,30235.05859375,20121259843,68.0,950.5416534781616,931.1455003855772,19.396153092584427
30231.58203125,30462.48046875,29725.57421875,30139.052734375,30139.052734375,18651929926,65.0,1007.9611369995218,946.5086277083661,61.45250929115571
29892.740234375,30539.845703125,29878.623046875,30399.06640625,30399.06640625,17487721001,61.0,1062.2030066088519,969.6475034884634,92.5555031203885
30409.5625,31005.607421875,30044.498046875,30485.69921875,30485.69921875,22659995079,68.0,1099.506199959651,995.6192427827009,103.88695717695009
30490.75,30601.740234375,30245.8828125,30318.49609375,30318.49609375,11940685378,68.0,1102.8642223859533,1017.0682387033514,85.7959836826019
30315.9765625,30555.537109375,30157.83203125,30315.35546875,30315.35546875,12854816417,68.0,1092.6763642027327,1032.1898638032276,60.486500399505076
30317.146484375,30319.197265625,29275.37109375,29445.044921875,29445.044921875,17872186762,69.0,1002.8157893602875,1026.3150489146396,-23.499259554352193
29449.091796875,30470.302734375,29154.849609375,30397.552734375,30397.552734375,19480529496,58.0,996.9676341206468,1020.4455659558412,-23.47793183519434
30394.1875,30411.0546875,28669.8984375,28822.6796875,28822.6796875,24571565421,63.0,855.3933932662767,987.4351314179283,-132.04173815165166
28823.68359375,29076.400390625,28037.2578125,28245.98828125,28245.98828125,21340360360,52.0,688.7214582719316,927.6923967887291,-238.97093851679745
28249.23046875,28349.96875,27177.365234375,27276.91015625,27276.91015625,20759504330,50.0,472.9839783387906,836.7507130987414,-363.76673475995074
27265.89453125,27872.142578125,27169.5703125,27817.5,27817.5,13125734602,53.0,341.6927325554025,737.7391169900736,-396.04638443467115
27816.14453125,27820.244140625,27400.314453125,27591.384765625,27591.384765625,12785446832,56.0,216.8976041133683,633.5708144147326,-416.6732103013643
27591.73046875,27979.982421875,27070.849609375,27525.33984375,27525.33984375,17703288330,53.0,111.38333473868624,529.1333184795234,-417.74998374083714
27514.873046875,28371.078125,27207.931640625,28307.59765625,28307.59765625,17733373139,53.0,89.84846674156142,441.276348131931,-351.4278813903696
28300.05859375,29995.837890625,27324.548828125,28422.701171875,28422.701171875,31854242019,56.0,81.13455184505074,369.247988874555,-288.11343702950427
28428.46484375,29871.546875,28402.88671875,29473.787109375,29473.787109375,27153445027,59.0,157.2301115204864,326.84441340374127,-169.61430188325488
29481.013671875,29572.791015625,28929.609375,29340.26171875,29340.26171875,17544464887,64.0,204.40574550100428,302.3566798231939,-97.9509343221896
29336.56640625,29452.455078125,29088.04296875,29248.48828125,29248.48828125,10662634333,64.0,231.7163441125158,288.2286126810583,-56.51226856854248
29245.515625,29952.029296875,29114.021484375,29268.806640625,29268.806640625,14652199272,60.0,252.09373244360904,281.0016366335684,-28.907904189959368
29227.103515625,29329.935546875,27680.79296875,28091.568359375,28091.568359375,18655599976,63.0,171.27531360109424,259.05637202707356,-87.78105842597932
28087.17578125,28881.298828125,27924.123046875,28680.537109375,28680.537109375,16432924527,55.0,152.98744626179177,237.84258687401723,-84.85514061222545
28680.494140625,29259.533203125,28178.388671875,29006.30859375,29006.30859375,19122972518,64.0,162.90336722801294,222.8547429448164,-59.951375716803454
29031.3046875,29353.185546875,28694.0390625,28847.7109375,28847.7109375,15548678514,64.0,156.16413766048936,209.516621887951,-53.352484227461645
28851.48046875,29668.908203125,28845.509765625,29534.384765625,29534.384765625,17936566518,61.0,203.88186559721362,208.38967062980353,-4.507805032589914
29538.859375,29820.126953125,28468.966796875,28904.623046875,28904.623046875,15913866714,60.0,188.70670774880637,204.45307805360412,-15.74637030479775
28901.623046875,29157.517578125,28441.3671875,28454.978515625,28454.978515625,11301355486,64.0,138.79775585619427,191.32201361412217,-52.5242577579279
28450.45703125,28663.271484375,27310.134765625,27694.2734375,27694.2734375,19122903752,60.0,37.430533686983836,160.5437176286945,-123.11318394171067
27695.068359375,27821.400390625,27375.6015625,27658.775390625,27658.775390625,14128593256,51.0,-45.24654193632523,119.38566571569056,-164.63220765201578
27654.63671875,28322.6875,26883.669921875,27621.755859375,27621.755859375,20656025026,52.0,-112.45952342824603,73.01662788690325,-185.47615131514928
27621.0859375,27621.94140625,26781.826171875,27000.7890625,27000.7890625,16724343943,52.0,-213.3734896079186,15.738604387938885,-229.1120939958575
26987.662109375,27055.646484375,25878.4296875,26804.990234375,26804.990234375,19313599897,49.0,-305.62481134147674,-48.53407875794424,-257.0907325835325
26807.76953125,27030.482421875,26710.873046875,26784.078125,26784.078125,9999171605,48.0,-376.086786537664,-114.0446203138882,-262.0421662237758
26788.974609375,27150.9765625,26661.35546875,26930.638671875,26930.638671875,10014858959,48.0,-415.31470881772475,-174.29863801465552,-241.01607080306923
26931.384765625,27646.34765625,26766.09765625,27192.693359375,27192.693359375,14413231792,50.0,-420.41125736970935,-223.52116188566632,-196.89009548404303
27171.513671875,27299.3046875,26878.947265625,27036.650390625,27036.650390625,12732238816,54.0,-432.0611404104966,-265.2291575906324,-166.8319828198642
27035.470703125,27465.927734375,26600.14453125,27398.802734375,27398.802734375,15140006925,50.0,-407.37512231811706,-293.6583505361293,-113.71677178198775
27401.650390625,27466.52734375,26415.1015625,26832.208984375,26832.208984375,15222938600,51.0,-428.59013523926114,-320.6447074767557,-107.94542776250546
26826.75390625,27128.619140625,26700.2109375,26890.12890625,26890.12890625,11258983301,48.0,-435.70697341549385,-343.65716066450335,-92.0498127509905
26888.841796875,27155.158203125,26843.27734375,27129.5859375,27129.5859375,7044911360,48.0,-417.2155367482628,-358.3688358812553,-58.84670086700754
27118.423828125,27265.91796875,26706.921875,26753.826171875,26753.826171875,8647416921,52.0,-427.9484889050109,-372.28476648600645,-55.66372241900444
26749.892578125,27045.734375,26549.734375,26851.27734375,26851.27734375,11056770492,49.0,-423.7067084918672,-382.5691548871786,-41.13755360468855
26855.9609375,27434.68359375,26816.1796875,27225.7265625,27225.7265625,13697203143,50.0,-385.68421683208726,-383.1921672761604,-2.492049555926883
27224.603515625,27224.603515625,26106.576171875,26334.818359375,26334.818359375,16299104428,50.0,-422.5688539082512,-391.06750460257854,-31.501349305672647
26329.4609375,26591.51953125,25890.59375,26476.20703125,26476.20703125,13851122697,51.0,-435.37260595329644,-399.92852487272216,-35.44408108057428
26474.181640625,26916.669921875,26343.94921875,26719.291015625,26719.291015625,12711619225,49.0,-421.0512094463884,-404.1530617874554,-16.898147658933
26720.181640625,26888.8828125,26621.140625,26868.353515625,26868.353515625,7892015141,48.0,-393.1414120754889,-401.9507318450621,8.809319769573165
26871.158203125,28193.44921875,26802.751953125,28085.646484375,28085.646484375,14545229578,50.0,-269.68852589229937,-375.49829065450956,105.8097647622102
28075.591796875,28432.0390625,27563.876953125,27745.884765625,27745.884765625,15181308984,52.0,-196.99630458476167,-339.79789344056,142.80158885579834
27745.123046875,28044.759765625,27588.501953125,27702.349609375,27702.349609375,13251081851,51.0,-141.2716273684855,-300.09264022614514,158.82101285765964
27700.529296875,27831.677734375,26866.453125,27219.658203125,27219.658203125,15656371534,51.0,-134.5080565167773,-266.9757234842716,132.46766696749432
27218.412109375,27346.10546875,26671.720703125,26819.97265625,26819.97265625,14678970415,52.0,-159.55985452878303,-245.4925496931739,85.93269516439088
26824.556640625,27303.861328125,26574.64453125,27249.58984375,27249.58984375,14837415000,50.0,-143.09752913045304,-225.01354558062974,81.9160164501767
27252.32421875,27317.052734375,26958.00390625,27075.12890625,27075.12890625,8385597470,53.0,-142.48606659181314,-208.50804978286644,66.0219831910533
27075.123046875,27407.01953125,26968.224609375,27119.06640625,27119.06640625,9360912318,52.0,-136.8782419066447,-194.18208820762212,57.303846300977426
27123.109375,27129.982421875,25445.16796875,25760.09765625,25760.09765625,21513292646,53.0,-239.33254459597083,-203.21217948529187,-36.12036511067896
25732.109375,27313.8203125,25434.8671875,27238.783203125,27238.783203125,21929670693,44.0,-198.91775185717051,-202.3532939596676,3.435542102497095
27235.650390625,27332.181640625,26146.98828125,26345.998046875,26345.998046875,19530045082,53.0,-236.20620018879345,-209.1238752054928,-27.08232498330065
26347.654296875,26797.513671875,26246.6640625,26508.216796875,26508.216796875,11904824295,50.0,-249.78846084532051,-217.25679233345835,-32.531668511862165
26505.923828125,26770.2890625,26339.314453125,26480.375,26480.375,11015551640,50.0,-259.8042390494884,-225.76628167666436,-34.037957372824025
26481.76171875,26531.044921875,25501.8359375,25851.240234375,25851.240234375,19872933189,49.0,-314.87801536700863,-243.58862841473325,-71.28938695227538
25854.03125,26203.439453125,25668.986328125,25940.16796875,25940.16796875,10732609603,47.0,-347.34468164435384,-264.33983906065737,-83.00484258369647
25934.28515625,26087.919921875,25675.197265625,25902.5,25902.5,11677889997,47.0,-371.8280367004663,-285.83747858861915,-85.99055811184718
25902.94140625,26376.3515625,25728.365234375,25918.728515625,25918.728515625,14143474486,45.0,-385.47821349855076,-305.7656255706055,-79.71258792794526
25920.2578125,26041.80078125,24902.15234375,25124.67578125,25124.67578125,14265717766,46.0,-455.1231204158721,-335.6371245396588,-119.48599587621328
25121.673828125,25735.30859375,24797.16796875,25576.39453125,25576.39453125,15837384409,41.0,-468.4670860016231,-362.2031168320517,-106.2639691695714
25575.283203125,26463.173828125,25245.357421875,26327.462890625,26327.462890625,16324646965,47.0,-413.66881856451437,-372.4962571785443,-41.172561385970084
26328.6796875,26769.39453125,26174.4921875,26510.67578125,26510.67578125,11090276850,47.0,-351.40625515436477,-368.2782567737084,16.87200161934362
26510.45703125,26675.92578125,26325.890625,26336.212890625,26336.212890625,9565695129,49.0,-312.5376824452251,-357.13014190801175,44.59245946278668
26335.44140625,26984.611328125,26312.83203125,26851.029296875,26851.029296875,12826986222,47.0,-237.45543857116718,-333.19520124064286,95.73976266947568
26841.6640625,28388.96875,26668.791015625,28327.48828125,28327.48828125,22211859147,49.0,-58.14406996105026,-278.18497498472436,220.0409050236741
28311.310546875,30737.330078125,28283.41015625,30027.296875,30027.296875,33346760979,59.0,218.60192226865183,-178.82759553404915,397.42951780270096
29995.935546875,30495.998046875,29679.158203125,29912.28125,29912.28125,20653160491,65.0,423.7594797447018,-58.31018047829896,482.06966022300077
29896.3828125,31389.5390625,29845.21484375,30695.46875,30695.46875,24115570085,65.0,642.1427856903865,81.78041275543814,560.3623729349483
30708.73828125,30804.1484375,30290.146484375,30548.6953125,30548.6953125,12147822496,62.0,794.2145285459483,224.26723591354016,569.9472926324081
30545.150390625,31041.271484375,30327.943359375,30480.26171875,30480.26171875,12703464114,64.0,898.8490885063366,359.1836064320995,539.665482074237
30480.5234375,30636.029296875,29955.744140625,30271.130859375,30271.130859375,16493186997,55.0,953.9016342971663,478.1272120051129,475.77442229205343
30274.3203125,31006.787109375,30236.650390625,30688.1640625,30688.1640625,16428827944,59.0,1019.4309027951385,586.387950163118,433.0429526320205
30696.560546875,30703.279296875,29921.822265625,30086.24609375,30086.24609375,14571500779,62.0,1011.1378033671135,671.3379208039171,339.79988256319643
30086.1875,30796.25,30057.203125,30445.3515625,30445.3515625,13180860821,54.0,1021.7640129649044,741.4231392361146,280.3408737287898
30441.353515625,31256.86328125,29600.275390625,30477.251953125,30477.251953125,26387306197,56.0,1020.9901170248231,797.3365347938563,223.65358223096678
30471.84765625,30641.2890625,30328.865234375,30590.078125,30590.078125,9086606733,59.0,1017.7489516712012,841.4190181693253,176.32993350187587
30587.26953125,30766.140625,30264.01953125,30620.76953125,30620.76953125,10533418042,63.0,1006.0596157625696,874.3471376879743,131.7124780745953
30624.515625,31375.61328125,30586.513671875,31156.439453125,31156.439453125,15271884873,62.0,1028.1677410462617,905.1112583596318,123.0564826866298
31156.865234375,31325.197265625,30659.35546875,30777.58203125,30777.58203125,12810828427,64.0,1003.5496660500503,924.7989398977155,78.75072615233478
30778.724609375,30877.330078125,30225.61328125,30514.166015625,30514.166015625,12481622280,61.0,951.8122936122782,930.2016106406281,21.61068297165002
30507.150390625,31460.052734375,29892.2265625,29909.337890625,29909.337890625,21129219509,56.0,852.182054025845,914.5976993176715,-62.415645291826536
29907.998046875,30434.64453125,29777.28515625,30342.265625,30342.265625,13384770155,55.0,798.9482433709381,891.4678081283249,-92.51956475738677
30346.921875,30374.4375,30080.16015625,30292.541015625,30292.541015625,7509378699,58.0,744.1693830687109,862.0081231164022,-117.83874004769132
30291.611328125,30427.58984375,30085.591796875,30171.234375,30171.234375,7903327692,55.0,683.094026792678,826.2253038516574,-143.13127705897932
30172.423828125,31026.083984375,29985.39453125,30414.470703125,30414.470703125,14828209155,56.0,646.8618846400277,790.3526200093315,-143.49073536930382
30417.6328125,30788.314453125,30358.09765625,30620.951171875,30620.951171875,12151839152,57.0,627.5746096954717,757.7970179465597,-130.22240825108793
30622.24609375,30959.96484375,30228.8359375,30391.646484375,30391.646484375,14805659717,64.0,587.0195376198753,723.6415218812228,-136.6219842613475
30387.48828125,31814.515625,30268.3515625,31476.048828125,31476.048828125,23686079548,57.0,635.0609696817846,705.9254114413352,-70.86444175955057
31474.720703125,31582.25390625,29966.38671875,30334.068359375,30334.068359375,20917902660,60.0,574.3649492068507,679.6133189944383,-105.24836978758754
30331.783203125,30407.78125,30263.462890625,30295.806640625,30295.806640625,8011667756,56.0,517.213400624416,647.1333353204338,-129.9199346960179
30297.47265625,30437.560546875,30089.669921875,30249.1328125,30249.1328125,8516564470,57.0,462.81910817379685,610.2704898911065,-147.4513817173097
30249.626953125,30336.400390625,29685.783203125,30145.888671875,30145.888671875,13240156074,54.0,406.69220562646296,569.5548330381778,-162.8626274117148
30147.0703125,30233.65625,29556.427734375,29856.5625,29856.5625,13138897269,56.0,335.0033172061703,522.6445298717763,-187.64121266560596
29862.046875,30184.181640625,29794.26953125,29913.923828125,29913.923828125,12128602812,50.0,279.59494000701307,474.0346118988237,-194.43967189181063
29915.25,30195.53125,29638.095703125,29792.015625,29792.015625,14655207121,56.0,223.27268024263321,423.88222556758564,-200.60954532495242
29805.111328125,30045.998046875,29733.8515625,29908.744140625,29908.744140625,10972789818,50.0,185.91281209826047,376.2883428737206,-190.3755307754601
29908.697265625,29991.615234375,29664.12109375,29771.802734375,29771.802734375,7873300598,52.0,143.59949482448428,329.7505732638733,-186.15107843938904
29790.111328125,30330.640625,29741.52734375,30084.5390625,30084.5390625,9220145050,54.0,133.7592012572859,290.55229886255586,-156.79309760526996
30081.662109375,30093.39453125,28934.294921875,29176.916015625,29176.916015625,15395817395,55.0,52.12227006494868,242.86629310303445,-190.74402303808577
29178.970703125,29353.16015625,29062.43359375,29227.390625,29227.390625,10266772793,50.0,-8.405809979638434,192.6118724864999,-201.01768246613833
29225.759765625,29675.552734375,29113.912109375,29354.97265625,29354.97265625,13497554655,51.0,-45.55481823417722,144.97853434236447,-190.5333525765417
29353.798828125,29560.966796875,29099.3515625,29210.689453125,29210.689453125,10770779217,51.0,-85.65079454347142,98.85266856519729,-184.5034631086687
29212.1640625,29521.513671875,29125.845703125,29319.24609375,29319.24609375,11218474952,52.0,-107.4291545701999,57.596303938117856,-165.02545850831774
29319.4453125,29396.84375,29264.166015625,29356.91796875,29356.91796875,6481775959,52.0,-120.26254456755123,22.024534236984042,-142.28707880453527
29357.09375,29443.169921875,29059.501953125,29275.30859375,29275.30859375,8678454527,52.0,-135.4568310946197,-9.471738829336708,-125.98509226528299
29278.314453125,29489.873046875,29131.578125,29230.111328125,29230.111328125,11656781982,50.0,-149.42299892386654,-37.46199084824268,-111.96100807562387
29230.873046875,29675.732421875,28657.0234375,29675.732421875,29675.732421875,18272392391,53.0,-123.1142055687269,-54.59243379233952,-68.52177177638738
29704.146484375,29987.998046875,28946.509765625,29151.958984375,29151.958984375,19212655598,53.0,-142.88138863158383,-72.25022476018839,-70.63116387139544
29161.8125,29375.70703125,28959.48828125,29178.6796875,29178.6796875,12780357746,52.0,-154.60865387448575,-88.72191058304787,-65.88674329143788
29174.3828125,29302.078125,28885.3359375,29074.091796875,29074.091796875,12036639988,54.0,-170.37795377135626,-105.05311922070956,-65.3248345506467
29075.388671875,29102.46484375,28957.796875,29042.126953125,29042.126953125,6598366353,50.0,-183.34109132563754,-120.71071364169516,-62.63037768394237
29043.701171875,29160.822265625,28963.833984375,29041.85546875,29041.85546875,7269806994,49.0,-191.42969538439866,-134.85450999023587,-56.57518539416279
29038.513671875,29244.28125,28724.140625,29180.578125,29180.578125,13618163710,49.0,-184.5191909958594,-144.78744619136057,-39.73174480449882
29180.01953125,30176.796875,29113.814453125,29765.4921875,29765.4921875,17570561357,54.0,-130.3423840989053,-141.89843377286954,11.556049673964225
29766.6953125,30093.435546875,29376.80078125,29561.494140625,29561.494140625,18379521213,50.0,-102.68413304318165,-134.05557362693196,31.371440583750314
29563.97265625,29688.564453125,29354.447265625,29429.591796875,29429.591796875,11865344789,53.0,-90.36649786512498,-125.31775847457057,34.95126060944558
29424.90234375,29517.7734375,29253.517578125,29397.71484375,29397.71484375,10195168197,51.0,-82.2290022015186,-116.70000721996018,34.47100501844159
29399.787109375,29465.11328125,29357.587890625,29415.96484375,29415.96484375,6194358008,54.0,-73.46054830893263,-108.05211543775468,34.59156712882205
29416.59375,29441.43359375,29265.806640625,29282.9140625,29282.9140625,7329897180,54.0,-76.3672573154945,-101.71514381330266,25.34788649780816
29283.263671875,29660.25390625,29124.10546875,29408.443359375,29408.443359375,14013695304,50.0,-67.76057821305221,-94.92423069325258,27.16365248020037
29408.048828125,29439.12109375,29088.853515625,29170.34765625,29170.34765625,12640195779,53.0,-79.2386426617013,-91.78711308694233,12.548470425241021
29169.07421875,29221.9765625,28701.779296875,28701.779296875,28701.779296875,14949271904,52.0,-124.70709626635289,-98.37110972282444,-26.33598654352845
28699.802734375,28745.947265625,25409.111328125,26664.55078125,26664.55078125,31120851211,50.0,-321.4233207498655,-142.98155192823268,-178.44176882163285
26636.078125,26808.1953125,25668.921875,26049.556640625,26049.556640625,24026236529,37.0,-520.9421366685783,-218.5736688763018,-302.36846779227653
26047.83203125,26249.44921875,25802.408203125,26096.205078125,26096.205078125,10631443812,39.0,-667.6023918850187,-308.3794134780452,-359.22297840697354
26096.861328125,26260.681640625,26004.314453125,26189.583984375,26189.583984375,9036580420,37.0,-767.4501162211454,-400.19355402666525,-367.2565621944802
26188.69140625,26220.201171875,25846.087890625,26124.140625,26124.140625,13371557893,38.0,-842.1530728879552,-488.58545779892324,-353.56761508903196
26130.748046875,26135.5078125,25520.728515625,26031.65625,26031.65625,14503820706,37.0,-898.461515314797,-570.560669302098,-327.90084601269905
26040.474609375,26786.8984375,25804.998046875,26431.640625,26431.640625,16985265785,37.0,-900.4313532239757,-636.5348060864735,-263.89654713750224
26431.51953125,26554.91015625,25914.92578125,26162.373046875,26162.373046875,12871532023,41.0,-913.193382282745,-691.8665213257278,-221.32686095701717
26163.6796875,26248.103515625,25786.8125,26047.66796875,26047.66796875,12406045118,39.0,-921.935623449499,-737.8803417504821,-184.05528169901686
26047.234375,26107.384765625,25983.87890625,26008.462890625,26008.462890625,6034817316,38.0,-921.4060394453954,-774.5854812894647,-146.8205581559307
26008.2421875,26165.373046875,25965.09765625,26089.693359375,26089.693359375,6913768611,38.0,-904.0108460439478,-800.4705542403614,-103.54029180358646
26089.615234375,26198.578125,25880.599609375,26106.150390625,26106.150390625,11002805166,39.0,-878.7672037517113,-816.1298841426315,-62.637319609079896
26102.486328125,28089.337890625,25912.62890625,27727.392578125,27727.392578125,29368391712,39.0,-719.6451191495144,-796.8329311440082,77.18781199449381
27726.083984375,27760.16015625,27069.20703125,27297.265625,27297.265625,16343655235,49.0,-621.0878568854023,-761.6839162922871,140.59605940688482
27301.9296875,27456.078125,25752.9296875,25931.47265625,25931.47265625,20181001451,52.0,-645.7448499760758,-738.4961030290449,92.7512530529691
25934.021484375,26125.869140625,25362.609375,25800.724609375,25800.724609375,17202862221,40.0,-668.1341349120703,-724.42370940565,56.28957449357972
25800.91015625,25970.28515625,25753.09375,25868.798828125,25868.798828125,10100387473,39.0,-672.6311112446856,-714.0651897734572,41.43407852877158
25869.47265625,26087.1484375,25817.03125,25969.56640625,25969.56640625,8962524523,40.0,-660.4506322104717,-703.3422782608602,42.891646050388545
25968.169921875,26081.525390625,25657.025390625,25812.416015625,25812.416015625,10680635106,40.0,-655.917232422009,-693.8572690930899,37.940036671080975
25814.95703125,25858.375,25589.98828125,25779.982421875,25779.982421875,11094740040,40.0,-647.4778784433329,-684.5813909631386,37.10351251980569
25783.931640625,25953.015625,25404.359375,25753.236328125,25753.236328125,12752705327,42.0,-635.6207752156697,-674.7892678136448,39.168492597975046
25748.3125,26409.302734375,25608.201171875,26240.1953125,26240.1953125,11088307100,41.0,-580.2417494294277,-655.8797641368014,75.63801470737371
26245.208984375,26414.005859375,25677.48046875,25905.654296875,25905.654296875,10817356400,46.0,-556.9282148099592,-636.089454271433,79.16123946147388
25905.42578125,25921.9765625,25810.494140625,25895.677734375,25895.677734375,5481314132,41.0,-533.1117158652487,-615.4939065901963,82.38219072494758
25895.2109375,25978.130859375,25640.26171875,25832.2265625,25832.2265625,7899553047,40.0,-513.4383504499892,-595.0827953621549,81.64444491216568
25831.71484375,25883.947265625,24930.296875,25162.654296875,25162.654296875,14600006467,40.0,-545.5867679613912,-585.1835898820023,39.59682192061109
25160.658203125,26451.939453125,25133.078125,25833.34375,25833.34375,18657279324,30.0,-511.05446897646107,-570.357765700894,59.303296724432926
25837.5546875,26376.11328125,25781.123046875,26228.32421875,26228.32421875,13072077070,41.0,-446.6668529600465,-545.6195831527245,98.95273019267802
26228.27734375,26774.623046875,26171.451171875,26539.673828125,26539.673828125,13811359124,45.0,-366.2934886328294,-509.75436424874556,143.46087561591617
26533.818359375,26840.498046875,26240.701171875,26608.693359375,26608.693359375,11479735788,45.0,-293.64278772252874,-466.5320489435022,172.88926122097348
26606.19921875,26754.76953125,26473.890625,26568.28125,26568.28125,7402031417,43.0,-236.60012436434772,-420.54566402767136,183.94553966332364
26567.927734375,26617.998046875,26445.07421875,26534.1875,26534.1875,6774210670,46.0,-191.9320106294217,-374.8229333480214,182.8909227185997
26532.994140625,27414.734375,26415.515625,26754.28125,26754.28125,15615339655,46.0,-137.1910296618371,-327.29655261078454,190.10552294894745
26760.8515625,27488.763671875,26681.60546875,27211.1171875,27211.1171875,13807690550,46.0,-56.296613323567726,-273.09656475334117,216.79995142977344
27210.228515625,27379.505859375,26864.08203125,27132.0078125,27132.0078125,13281116604,47.0,1.4130403696435678,-218.19464372874424,219.6076840983878
27129.83984375,27152.939453125,26389.30078125,26567.6328125,26567.6328125,13371443708,47.0,1.5896859655294975,-174.2377777898895,175.827463755419
26564.056640625,26726.078125,26495.533203125,26579.568359375,26579.568359375,10578746709,43.0,2.662090830221132,-138.85780406586736,141.5198948960885
26578.556640625,26634.185546875,26520.51953125,26579.390625,26579.390625,7404700301,47.0,3.4577786136069335,-110.3946875299725,113.85246614357943
26579.373046875,26716.05859375,26221.05078125,26256.826171875,26256.826171875,8192867686,44.0,-21.689861447710427,-92.65372231352009,70.96386086580966
26253.775390625,26421.5078125,26011.46875,26298.48046875,26298.48046875,11997833257,47.0,-37.822400645920425,-81.68745798000016,43.86505733407974
26294.7578125,26389.884765625,26090.712890625,26217.25,26217.25,9985498161,46.0,-56.510753357953945,-76.65211705559092,20.141363697636976
26209.498046875,26817.841796875,26111.46484375,26352.716796875,26352.716796875,11718380997,44.0,-59.70215982483933,-73.2621256094406,13.559965784601275
26355.8125,27259.5,26327.322265625,27021.546875,27021.546875,14079002707,46.0,-8.168216666988883,-60.243343820950265,52.07512715396138
27024.841796875,27225.9375,26721.763671875,26911.720703125,26911.720703125,10396435377,48.0,23.539402770551533,-43.486794502649914,67.02619727320145
26911.689453125,27091.794921875,26888.96875,26967.916015625,26967.916015625,5331172801,47.0,52.596116400869505,-24.270212321946026,76.86632872281552
26967.396484375,28047.23828125,26965.09375,27983.75,27983.75,9503917434,48.0,155.79715157247847,11.74326045693887,144.0538911155396
27976.798828125,28494.458984375,27347.787109375,27530.78515625,27530.78515625,19793041322,50.0,198.74324969470763,49.14325830449262,149.599991390215
27508.251953125,27667.19140625,27216.001953125,27429.978515625,27429.978515625,11407814187,50.0,222.08404185235122,83.73141501406434,138.35262683828688
27429.07421875,27826.658203125,27248.10546875,27799.39453125,27799.39453125,11143355314,49.0,267.3091988707092,120.44697178539333,146.8622270853159
27798.646484375,28091.861328125,27375.6015625,27415.912109375,27415.912109375,11877253670,48.0,269.1045651728855,150.17849046289177,118.92607470999371
27412.123046875,28252.537109375,27215.552734375,27946.59765625,27946.59765625,13492391599,50.0,309.778362280882,182.09846482648982,127.67989745439218
27946.78125,28028.091796875,27870.423828125,27968.83984375,27968.83984375,6553044316,49.0,339.8893651457729,213.65664489034643,126.23272025542647
27971.677734375,28102.169921875,27740.662109375,27935.08984375,27935.08984375,7916875290,50.0,356.914915935693,242.30829909941576,114.60661683627723
27934.47265625,27989.470703125,27302.5625,27583.677734375,27583.677734375,12007668568,50.0,338.1537414085833,261.47738756124926,76.67635384733404
27589.201171875,27715.84765625,27301.654296875,27391.01953125,27391.01953125,9973350678,50.0,304.2324660578997,270.02840326057935,34.204062797320375
27392.076171875,27474.115234375,26561.099609375,26873.3203125,26873.3203125,13648094333,47.0,232.89098824972825,262.60092025840913,-29.70993200868088
26873.29296875,26921.439453125,26558.3203125,26756.798828125,26756.798828125,9392909295,45.0,165.0474785268052,243.09023191208837,-78.04275338528316
26752.87890625,27092.697265625,26686.322265625,26862.375,26862.375,15165312851,44.0,118.43487945156085,218.15916141998287,-99.72428196842202
26866.203125,26969.0,26814.5859375,26861.70703125,26861.70703125,5388116782,47.0,80.51206637890937,190.62974241176818,-110.11767603285881
26858.01171875,27289.169921875,26817.89453125,27159.65234375,27159.65234375,7098201980,45.0,73.65066150570783,167.2339262305561,-93.58326472484828
27162.62890625,29448.138671875,27130.47265625,28519.466796875,28519.466796875,27833876539,47.0,175.91082019900568,168.96930502424604,6.941515174759644
28522.09765625,28618.751953125,28110.185546875,28415.748046875,28415.748046875,14872527508,52.0,245.75063603906165,184.3255712272092,61.42506481185245
28413.53125,28889.009765625,28174.251953125,28328.341796875,28328.341796875,12724128586,50.0,290.69528507569703,205.59951399690675,85.09577107879028
28332.416015625,28892.474609375,28177.98828125,28719.806640625,28719.806640625,14448058195,52.0,353.82352715482193,235.2443166284898,118.57921052633213
28732.8125,30104.0859375,28601.669921875,29682.94921875,29682.94921875,21536125230,53.0,476.08268570365544,283.41199044352294,192.6706952601325
29683.380859375,30287.482421875,29481.751953125,29918.412109375,29918.412109375,11541146996,63.0,585.2276965173696,343.77513165829225,241.45256485907737
29918.654296875,30199.43359375,29720.3125,29993.896484375,29993.896484375,10446520040,53.0,670.0924534623882,409.0385960191115,261.05385744327674
30140.685546875,34370.4375,30097.828125,33086.234375,33086.234375,38363572311,53.0,975.6277790564927,522.3564326265878,453.27134642990495
33077.3046875,35150.43359375,32880.76171875,33901.52734375,33901.52734375,44934999645,66.0,1268.926658108212,671.6704777229127,597.2561803852993
33916.04296875,35133.7578125,33709.109375,34502.8203125,34502.8203125,25254318008,72.0,1532.2249151788383,843.7813652140978,688.4435499647404
34504.2890625,34832.91015625,33762.32421875,34156.6484375,34156.6484375,19427195376,71.0,1693.436620403074,1013.712416251893,679.7242041511809
34156.5,34238.2109375,33416.88671875,33909.80078125,33909.80078125,16418032871,70.0,1780.752113508639,1167.1203557032422,613.6317578053968
33907.72265625,34399.390625,33874.8046875,34089.57421875,34089.57421875,10160330825,65.0,1843.2091174972302,1302.33810806204,540.8710094351902
34089.37109375,34743.26171875,33947.56640625,34538.48046875,34538.48046875,11160323986,72.0,1906.947620707695,1423.260010591171,483.68761011652396
34531.7421875,34843.93359375,34110.97265625,34502.36328125,34502.36328125,17184860315,68.0,1932.2724544685152,1525.06249936664,407.20995510187527
34500.078125,34719.25390625,34083.30859375,34667.78125,34667.78125,15758270810,66.0,1943.2893849282045,1608.707876478953,334.5815084492515
34657.2734375,35527.9296875,34170.69140625,35437.25390625,35437.25390625,22446272005,66.0,1991.1575692920233,1685.1978150415673,305.95975425045594
35441.578125,35919.84375,34401.57421875,34938.2421875,34938.2421875,20998158544,72.0,1966.1626755537982,1741.3907871440138,224.77188840978442
34942.47265625,34942.47265625,34133.44140625,34732.32421875,34732.32421875,17158456701,65.0,1907.7468647126916,1774.6620026577496,133.08486205494205
34736.32421875,35256.03125,34616.69140625,35082.1953125,35082.1953125,9561294264,68.0,1868.1487313361868,1793.3593483934371,74.78938294274963
35090.01171875,35340.33984375,34594.2421875,35049.35546875,35049.35546875,12412743996,70.0,1813.2154058977721,1797.3305598943043,15.884846003467828
35044.7890625,35286.02734375,34765.36328125,35037.37109375,35037.37109375,12693436420,74.0,1748.5570337634235,1787.5758546681284,-39.01882090470485
35047.79296875,35892.41796875,34545.81640625,35443.5625,35443.5625,18834737789,68.0,1710.3749223759623,1772.1356682096953,-61.760745833732926
35419.4765625,35994.41796875,35147.80078125,35655.27734375,35655.27734375,17295394918,66.0,1677.857644039621,1753.2800633756806,-75.42241933605965
35633.6328125,37926.2578125,35592.1015625,36693.125,36693.125,37762672382,69.0,1716.0515251118413,1745.8343557229127,-29.782830611071404
36702.25,37493.80078125,36362.75390625,37313.96875,37313.96875,22711265155,70.0,1775.9453604235605,1751.8565566630423,24.088803760518203
37310.0703125,37407.09375,36773.66796875,37138.05078125,37138.05078125,13924272142,70.0,1788.5986941672309,1759.20498416388,29.39371000335086
37133.9921875,37227.69140625,36779.1171875,37054.51953125,37054.51953125,11545715999,73.0,1771.4659220955436,1761.6571717502127,9.808750345330964
37070.3046875,37405.1171875,36399.60546875,36502.35546875,36502.35546875,19057712790,72.0,1693.807888596697,1748.0873151195096,-54.27942652281263
36491.7890625,36753.3515625,34948.5,35537.640625,35537.640625,23857403554,69.0,1536.70473648396,1705.8107993924,-169.10606290843998
35548.11328125,37964.89453125,35383.78125,37880.58203125,37880.58203125,27365821679,60.0,1583.0072253673352,1681.250084587387,-98.24285922005174
37879.98046875,37934.625,35545.47265625,36154.76953125,36154.76953125,26007385366,70.0,1463.572483320204,1637.7145643339504,-174.14208101374652
36164.82421875,36704.484375,35901.234375,36596.68359375,36596.68359375,22445028430,63.0,1388.5717703679475,1587.88600554075,-199.31423517280246
36625.37109375,36839.28125,36233.3125,36585.703125,36585.703125,11886022717,69.0,1313.1104134780835,1532.9308871282167,-219.82047365013318
36585.765625,37509.35546875,36414.59765625,37386.546875,37386.546875,12915986553,66.0,1302.9090180404091,1486.9265133106553,-184.01749527024617
37374.07421875,37756.8203125,36882.53125,37476.95703125,37476.95703125,20888209068,69.0,1287.280711936357,1446.9973530357959,-159.7166410994389
37469.16015625,37631.140625,35813.8125,35813.8125,35813.8125,25172163756,71.0,1127.6939486846168,1383.13667216556,-255.4427234809432
35756.5546875,37856.98046875,35670.97265625,37432.33984375,37432.33984375,24397247860,62.0,1118.923663602087,1330.2940704528655,-211.37040685077864
37420.43359375,37643.91796875,36923.86328125,37289.62109375,37289.62109375,14214948217,66.0,1087.9161192941028,1281.818480221113,-193.90236092701025
37296.31640625,38415.33984375,37261.60546875,37720.28125,37720.28125,22922957823,66.0,1085.5792110693874,1242.5706263907682,-156.99141532138083
37721.4140625,37892.4296875,37617.41796875,37796.79296875,37796.79296875,9099571165,73.0,1077.4805259381246,1209.5526063002394,-132.07208036211478
37796.828125,37820.30078125,37162.75,37479.12109375,37479.12109375,13744796068,73.0,1033.5150757533775,1174.345100190867,-140.83002443748956
37454.19140625,37559.35546875,36750.12890625,37254.16796875,37254.16796875,19002925720,66.0,969.3462820103014,1133.3453365547539,-163.99905454445252
37247.9921875,38368.48046875,36891.08984375,37831.0859375,37831.0859375,21696137014,68.0,954.0468510063511,1097.4856394450735,-143.43878843872244
37826.10546875,38366.11328125,37612.6328125,37858.4921875,37858.4921875,20728546658,72.0,933.3740420886461,1064.663319973788,-131.28927788514193
37861.1171875,38141.75390625,37531.140625,37712.74609375,37712.74609375,18115982627,74.0,894.9141866877326,1030.713493316577,-135.7993066288443
37718.0078125,38954.109375,37629.359375,38688.75,38688.75,23512784002,71.0,932.4412305424194,1011.0590407617455,-78.61781021932609
38689.27734375,39678.9375,38652.59375,39476.33203125,39476.33203125,15534035612,74.0,1014.043706362565,1011.6559738819094,2.387732480655586
39472.20703125,40135.60546875,39298.1640625,39978.390625,39978.390625,15769696322,73.0,1106.4714745964375,1030.619074024815,75.85240057162241
39978.62890625,42371.75,39978.62890625,41980.09765625,41980.09765625,39856129827,74.0,1325.9573641717288,1089.6867320541978,236.27063211753102
41986.265625,44408.6640625,41421.1484375,44080.6484375,44080.6484375,36312154535,75.0,1650.373922723069,1201.8241701879722,448.5497525350968
44080.0234375,44265.76953125,43478.08203125,43746.4453125,43746.4453125,29909761586,72.0,1859.0786817279877,1333.2750724959753,525.8036092320124
43769.1328125,44042.58984375,42880.6484375,43292.6640625,43292.6640625,27635760671,72.0,1965.2086503873652,1459.6617880742533,505.5468623131119
43293.13671875,44705.515625,43125.296875,44166.6015625,44166.6015625,24421116687,72.0,2095.6791825234905,1586.8652669641008,508.81391555938967
44180.01953125,44361.2578125,43627.59765625,43725.984375,43725.984375,17368210171,73.0,2138.8683516327146,1697.2658838978236,441.602467734891
43728.3828125,44034.625,43593.28515625,43779.69921875,43779.69921875,13000481418,74.0,2152.6163964290317,1788.3359864040654,364.2804100249664
43792.01953125,43808.375,40234.578125,41243.83203125,41243.83203125,40632672038,74.0,1936.565016039487,1817.9817923311498,118.5832237083373
41238.734375,42048.3046875,40667.5625,41450.22265625,41450.22265625,24779520132,67.0,1761.689083927573,1806.7232506504345,-45.03416672286153
41468.46484375,43429.78125,40676.8671875,42890.7421875,42890.7421875,26797884674,65.0,1719.5150360885746,1789.2816077380626,-69.76657164948801
42884.26171875,43390.859375,41767.08984375,43023.97265625,43023.97265625,25578530178,72.0,1677.505149549892,1766.9263161004285,-89.42116655053655
43028.25,43087.82421875,41692.96875,41929.7578125,41929.7578125,19639442462,70.0,1538.186759175711,1721.1784047154852,-182.99164553977425
41937.7421875,42664.9453125,41723.11328125,42240.1171875,42240.1171875,14386729590,67.0,1436.2629931084666,1664.1953223940816,-227.93232928561497
42236.109375,42359.49609375,41274.54296875,41364.6640625,41364.6640625,16678702876,73.0,1270.2038046727757,1585.3970188498206,-315.19321417704487
41348.203125,42720.296875,40530.2578125,42623.5390625,42623.5390625,25224642008,65.0,1226.04827179954,1513.5272694397645,-287.4789976402244
42641.51171875,43354.296875,41826.3359375,42270.52734375,42270.52734375,23171001281,73.0,1149.3209420208077,1440.686003955973,-291.3650619351654
42261.30078125,44275.5859375,42223.81640625,43652.25,43652.25,27868908174,74.0,1186.332152612733,1389.8152336873252,-203.4830810745923
43648.125,44240.66796875,43330.05078125,43869.15234375,43869.15234375,22452766169,70.0,1219.1128361663723,1355.6747541831346,-136.56191801676232
43868.98828125,44367.95703125,43441.96875,43997.90234375,43997.90234375,21028503216,74.0,1241.1733393931063,1332.7744712251292,-91.60113183202293
44012.19921875,44015.69921875,43351.35546875,43739.54296875,43739.54296875,13507796558,70.0,1223.702919250034,1310.9601608301105,-87.25724158007642
43728.3671875,43945.5234375,42786.91796875,43016.1171875,43016.1171875,18830554085,71.0,1138.3607565966158,1276.4402799834115,-138.0795233867957
43010.57421875,43765.09375,42765.76953125,43613.140625,43613.140625,21115795370,73.0,1106.1502679753248,1242.3822775817944,-136.23200960646955
43599.84765625,43603.17578125,41676.48828125,42520.40234375,42520.40234375,30026850982,71.0,981.1384237651873,1190.133506818473,-208.99508305328573
42518.46875,43683.16015625,42167.58203125,43442.85546875,43442.85546875,25260941032,73.0,945.5996107941173,1141.226727613602,-195.62711681948463
43468.19921875,43804.78125,42318.55078125,42627.85546875,42627.85546875,22992093014,73.0,841.9655025028842,1081.3744825914584,-239.40898008857425
42614.64453125,43124.32421875,41424.0625,42099.40234375,42099.40234375,26000021055,65.0,709.0198350097271,1006.9035530751123,-297.8837180653852
42091.75390625,42584.125,41556.2265625,42156.90234375,42156.90234375,16013925945,68.0,601.3670204779337,925.7962465556767,-324.429226077743
42152.09765625,42860.9375,41998.25390625,42265.1875,42265.1875,16397498810,67.0,518.8085939732191,844.3987160391852,-325.59012206596606
42280.234375,44175.4375,42214.9765625,44167.33203125,44167.33203125,18426978443,65.0,599.9517427205428,795.5093213754567,-195.55757865491387
44187.140625,45899.70703125,44176.94921875,44957.96875,44957.96875,39335274536,71.0,719.7591132607995,780.3592797525253,-60.60016649172576
44961.6015625,45503.2421875,40813.53515625,42848.17578125,42848.17578125,46342323118,70.0,637.1203306982061,751.7114899416615,-114.59115924345542
42855.81640625,44770.0234375,42675.17578125,44179.921875,44179.921875,30448091210,68.0,671.3503708620046,735.6392661257303,-64.28889526372564
44192.98046875,44353.28515625,42784.71875,44162.69140625,44162.69140625,32336029347,72.0,689.1435515930498,726.3401232191942,-37.19657162614442
44178.953125,44227.6328125,43475.15625,43989.1953125,43989.1953125,16092503468,70.0,681.3904458086181,717.3501877370791,-35.95974192846097
43998.46484375,44495.5703125,43662.23046875,43943.09765625,43943.09765625,19330573863,71.0,663.8736359825343,706.6548773861701,-42.78124140363582
43948.70703125,47218.0,43244.08203125,46970.50390625,46970.50390625,42746192015,71.0,884.0866210363747,742.1412261162111,141.9453949201636
46987.640625,47893.69921875,45244.71484375,46139.73046875,46139.73046875,39821290992,76.0,980.2705758958109,789.767096072131,190.50347982367987
46121.5390625,47647.22265625,44483.15234375,46627.77734375,46627.77734375,50114613298,73.0,1083.389714878038,848.4916198333125,234.89809504472544
46656.07421875,48969.37109375,45678.64453125,46368.5859375,46368.5859375,45833734549,76.0,1131.1585040108039,905.0249966688109,226.13350734199298
46354.79296875,46498.13671875,41903.76953125,42853.16796875,42853.16796875,43332698900,71.0,875.2612956645462,899.072256467958,-23.81096080341183
42799.4453125,43234.66015625,42464.14453125,42842.3828125,42842.3828125,20601860469,64.0,663.937187821597,852.0452427386858,-188.1080549170888
42842.26171875,43065.59765625,41724.61328125,41796.26953125,41796.26953125,17521429522,60.0,407.3529989808594,763.1067939871206,-355.75379500626116
41715.06640625,43319.72265625,41705.41796875,42511.96875,42511.96875,22320220558,52.0,258.7761163537216,662.2406584604407,-403.46454210671914
42499.3359375,43566.2734375,42085.99609375,43154.9453125,43154.9453125,24062872740,64.0,190.71228889538907,567.9349845474304,-377.22269565204135
43132.1015625,43189.890625,42189.30859375,42742.65234375,42742.65234375,20851232595,60.0,102.32310134090221,474.8126079061248,-372.4895065652226
42742.3125,42876.34765625,40631.171875,41262.05859375,41262.05859375,25218357242,63.0,-86.2038045931331,362.60932540627323,-448.8131299994063
41278.4609375,42134.16015625,40297.45703125,41618.40625,41618.40625,25752407154,51.0,-204.50109672558028,249.18724097990253,-453.6883377054828
41624.58984375,41877.89453125,41446.82421875,41665.5859375,41665.5859375,11586690904,52.0,-291.0900417384546,141.1317844362311,-432.2218261746857
41671.48828125,41855.3671875,41497.0078125,41545.78515625,41545.78515625,9344043642,56.0,-365.16987531847553,39.87145248528978,-405.0413278037653
41553.65234375,41651.20703125,39450.1171875,39507.3671875,39507.3671875,31338708143,55.0,-581.656991723692,-84.43423635650659,-497.22275536718547
39518.71484375,40127.3515625,38521.89453125,39845.55078125,39845.55078125,29244553045,50.0,-717.6632265372027,-211.0800343926458,-506.5831921445569
39877.59375,40483.78515625,39508.796875,40077.07421875,40077.07421875,22359526178,48.0,-797.573213481839,-328.3786702104845,-469.1945432713546
40075.55078125,40254.48046875,39545.6640625,39933.80859375,39933.80859375,18491782013,52.0,-862.5201965469314,-435.2069754777739,-427.3132210691575
39936.81640625,42209.38671875,39825.69140625,41816.87109375,41816.87109375,25598119893,49.0,-753.359483033295,-498.8374769888781,-254.52200604441686
41815.625,42195.6328125,41431.28125,42120.0546875,42120.0546875,11422941934,55.0,-635.063828408267,-526.0827472727559,-108.98108113551109
42126.125,42797.17578125,41696.91015625,42035.59375,42035.59375,16858971687,54.0,-541.8824777372865,-529.242693365662,-12.6397843716245
42030.9140625,43305.8671875,41818.33203125,43288.24609375,43288.24609375,20668476578,55.0,-362.77516443109926,-495.9491875787495,133.17402314765025
43300.2265625,43838.9453125,42711.37109375,42952.609375,42952.609375,23842814518,61.0,-245.08917100680992,-445.7771842643616,200.6880132575517
42946.25,43717.40625,42298.9453125,42582.60546875,42582.60546875,24673628793,60.0,-179.6079872441187,-392.543344860313,212.93535761619432
42569.76171875,43243.16796875,41879.19140625,43075.7734375,43075.7734375,21423953779,63.0,-86.91721627911465,-331.4181191440734,244.50090286495873
43077.640625,43422.48828125,42584.3359375,43185.859375,43185.859375,18603843039,63.0,-4.523948101072165,-266.0392849354732,261.515336834401
43184.96484375,43359.94140625,42890.80859375,42992.25,42992.25,11169245236,60.0,44.63611469484022,-203.9042050094105,248.54031970425072
42994.94140625,43097.64453125,42374.83203125,42583.58203125,42583.58203125,14802225490,60.0,50.042865934432484,-153.1147908206419,203.15765675507438
42577.62109375,43494.25,42264.81640625,42658.66796875,42658.66796875,18715487317,60.0,59.698396923464315,-110.55215327182066,170.25055019528497
42657.390625,43344.1484375,42529.01953125,43084.671875,43084.671875,16798476726,64.0,100.56616561089322,-68.32848949527789,168.89465510617111
43090.01953125,44341.94921875,42775.95703125,44318.22265625,44318.22265625,21126587775,62.0,229.84193085761945,-8.69440542469843,238.53633628231788
44332.125,45575.83984375,44332.125,45301.56640625,45301.56640625,26154524080,66.0,406.9504571237776,74.43456708499679,332.5158900387808
45297.3828125,48152.49609375,45260.82421875,47147.19921875,47147.19921875,39316770844,72.0,688.3030544021167,197.20826454842077,491.09478985369594
47153.52734375,48146.171875,46905.3203125,47771.27734375,47771.27734375,16398681570,74.0,950.6761015073425,347.90183194020517,602.7742695671374
47768.96875,48535.9375,47617.40625,48293.91796875,48293.91796875,19315867136,71.0,1187.0972440939731,515.7409143709588,671.3563297230144
48296.38671875,50280.4765625,47745.76171875,49958.22265625,49958.22265625,34511985805,70.0,1491.5643565866994,710.9056028141069,780.6587537725925
49941.359375,50358.390625,48406.49609375,49742.44140625,49742.44140625,35593051468,79.0,1695.89576259569,907.9036347704237,787.9921278252664
49733.4453125,52021.37109375,49296.83203125,51826.6953125,51826.6953125,39105608050,74.0,2002.9232924449461,1126.9075663053281,876.015726139618
51836.78515625,52820.06640625,51371.62890625,51938.5546875,51938.5546875,38564360533,72.0,2229.56984526194,1347.4400220966504,882.1298231652895
51937.7265625,52537.96875,51641.3671875,52160.203125,52160.203125,28180567298,72.0,2399.4150842751187,1557.835034532344,841.5800497427747
52161.67578125,52191.9140625,50669.66796875,51662.99609375,51662.99609375,20009091006,76.0,2465.477715376328,1739.3635707011408,726.1141446751872
51661.96875,52356.96484375,51233.70703125,52122.546875,52122.546875,17595377311,72.0,2525.7988964769756,1896.6506358563079,629.1482606206678
52134.8125,52483.32421875,51711.8203125,51779.14453125,51779.14453125,21362184346,75.0,2516.881128932153,2020.6967344714772,496.1843944606758
51777.7265625,52945.05078125,50792.3125,52284.875,52284.875,33353758256,72.0,2521.555039286701,2120.868395434522,400.6866438521788
52273.53515625,52368.81640625,50671.7578125,51839.1796875,51839.1796875,28624907020,78.0,2460.927222877457,2188.880160923109,272.047061954348
51854.64453125,52009.61328125,50926.29296875,51304.97265625,51304.97265625,25413900611,74.0,2342.767236327447,2219.657576003977,123.10966032347005
51283.90625,51497.93359375,50561.77734375,50731.94921875,50731.94921875,21427078270,76.0,2177.782274798781,2211.2825157629377,-33.500240964156546
50736.37109375,51684.1953125,50585.4453125,51571.1015625,51571.1015625,15174077879,72.0,2090.6434488883024,2187.1547023880107,-96.51125349970835
51565.21484375,51950.02734375,51306.171875,51733.23828125,51733.23828125,15413239245,74.0,2011.4812756805113,2152.020017046511,-140.5387413659996
51730.5390625,54938.17578125,50931.03125,54522.40234375,54522.40234375,34074411896,72.0,2149.0341845555376,2151.4228505483165,-2.388665992778897
54519.36328125,57537.83984375,54484.19921875,57085.37109375,57085.37109375,49756832031,79.0,2436.766487126508,2208.4915778639547,228.27490926255314
57071.09765625,63913.1328125,56738.42578125,62504.7890625,62504.7890625,83239156760,82.0,3066.7466021792497,2380.142582727014,686.6040194522357
62499.18359375,63585.64453125,60498.73046875,61198.3828125,61198.3828125,65496611844,80.0,3421.1573435775063,2588.345534897113,832.8118086803934
61168.0625,63155.1015625,60802.52734375,62440.6328125,62440.6328125,40186368423,80.0,3758.938894888641,2822.4642068954186,936.4746879932222
62431.65234375,62458.69921875,61657.2890625,62029.84765625,62029.84765625,23888473685,80.0,3947.9764637091794,3047.5666582581707,900.4098054510087
62031.578125,63230.2109375,61435.0234375,63167.37109375,63167.37109375,26253811450,83.0,4141.834246674458,3266.420175941428,875.4140707330298
63137.00390625,68537.03125,62386.51953125,68330.4140625,68330.4140625,70670471105,82.0,4658.3834103603585,3544.8128228252144,1113.570587535144
68341.0546875,69170.625,59323.91015625,63801.19921875,63801.19921875,102802940877,90.0,4648.695292830962,3765.589316826364,883.1059760045978
63776.05078125,67637.9296875,62848.671875,66106.8046875,66106.8046875,68750229073,75.0,4772.051246201605,3966.881702701413,805.169543500192
66099.7421875,68029.921875,65655.53125,66925.484375,66925.484375,46989543159,82.0,4879.623079370038,4149.429978035138,730.1931013348994
66938.09375,70083.0546875,66230.453125,68300.09375,68300.09375,59202881172,81.0,5017.9502141388,4323.134025255871,694.816188882929
68299.2578125,68673.0546875,68053.125,68498.8828125,68498.8828125,21609650379,84.0,5084.999373554347,4475.507094915567,609.4922786387797
68500.2578125,70005.203125,68239.9765625,69019.7890625,69019.7890625,35683977532,79.0,5121.135830377876,4604.632842008029,516.5029883698471
69020.546875,72850.7109375,67194.8828125,72123.90625,72123.90625,65716656765,82.0,5338.709230819346,4751.448119770293,587.2611110490534
72125.125,72825.65625,68728.8515625,71481.2890625,71481.2890625,62554434520,81.0,5397.069820415156,4880.572459899266,516.4973605158903
71482.1171875,73637.4765625,71334.09375,73083.5,73083.5,48212536929,81.0,5509.10055861227,5006.2780796418665,502.8224789704036
73079.375,73750.0703125,68563.0234375,71396.59375,71396.59375,59594605698,88.0,5399.52413630388,5084.927290974269,314.5968453296109
71387.875,72357.1328125,65630.6953125,69403.7734375,69403.7734375,78320453976,83.0,5093.1692034548105,5086.575673470377,6.593529984433189
69392.484375,70046.2734375,64801.39453125,65315.1171875,65315.1171875,46842198371,81.0,4468.945105599218,4963.049559896145,-494.10445429692754
65316.34375,68845.71875,64545.31640625,68390.625,68390.625,44716864318,79.0,4174.29214667419,4805.298077251755,-631.0059305775649
68371.3046875,68897.1328125,66594.2265625,67548.59375,67548.59375,49261579492,77.0,3828.6978239075834,4609.97802658292,-781.280202675337
67556.1328125,68106.9296875,61536.1796875,61912.7734375,61912.7734375,74215844794,79.0,3064.7200495302386,4300.926431172385,-1236.206381642146
61930.15625,68115.2578125,60807.78515625,67913.671875,67913.671875,66792634382,74.0,2909.940528442239,4022.7292506263557,-1112.7887221841165
67911.5859375,68199.9921875,64580.91796875,65491.390625,65491.390625,44480350565,78.0,2562.282393362555,3730.6398791735955,-1168.3574858110405
65489.9296875,66623.75,62355.37109375,63778.76171875,63778.76171875,41401116964,75.0,2124.080894515362,3409.328082241949,-1285.2471877265866
63802.72265625,65976.3984375,63038.4921875,64062.203125,64062.203125,24738964812,73.0,1779.1652922759386,3083.295524248747,-1304.1302319728084
64070.75390625,67622.7578125,63825.8515625,67234.171875,67234.171875,27206630673,74.0,1741.69142679176,2814.9747047573496,-1073.2832779655896
67234.09375,71162.59375,66414.8359375,69958.8125,69958.8125,42700139523,75.0,1909.8334746113687,2633.9464587281536,-724.1129841167849
69931.328125,71535.7421875,69335.609375,69987.8359375,69987.8359375,36010437368,81.0,2022.1194731924188,2511.581061621007,-489.46158842858813
69991.8984375,71727.6875,68381.9296875,69455.34375,69455.34375,40827113309,83.0,2044.5707280842034,2418.1789949136464,-373.608266829443
69452.7734375,71546.0234375,68895.5078125,70744.953125,70744.953125,34374900617,80.0,2141.7356132206914,2362.8903185750555,-221.15470535436407
70744.796875,70913.09375,69076.65625,69892.828125,69892.828125,25230851763,79.0,2125.4789207980357,2315.408039019652,-189.92911822161614
69893.4453125,70355.4921875,69601.0625,69645.3046875,69645.3046875,17130241883,75.0,2068.7747545603634,2266.0813821277943,-197.30662756743095
69647.78125,71377.78125,69624.8671875,71333.6484375,71333.6484375,20050941373,75.0,2135.4553251199104,2239.9561707262174,-104.50084560630694
71333.484375,71342.09375,68110.6953125,69702.1484375,69702.1484375,34873527352,79.0,2033.2141160127794,2198.6077597835297,-165.39364377075026
69705.0234375,69708.3828125,64586.59375,65446.97265625,65446.97265625,50705240709,79.0,1590.4958515013568,2076.9853781270954,-486.48952662573856
65446.671875,66914.3203125,64559.8984375,65980.8125,65980.8125,34488018367,71.0,1268.0970181063312,1915.2077061229427,-647.1106880166114
65975.6953125,69291.2578125,65113.796875,68508.84375,68508.84375,34439527442,70.0,1202.720401992221,1772.7102452967986,-569.9898433045776
68515.7578125,68725.7578125,66011.4765625,67837.640625,67837.640625,33748230056,79.0,1084.2499218231387,1635.0181806020666,-550.7682587789279
67840.5703125,69629.6015625,67491.71875,68896.109375,68896.109375,19967785809,75.0,1063.5112986499444,1520.7168042116423,-457.2055055616979
68897.109375,70284.4296875,68851.6328125,69362.5546875,69362.5546875,21204930369,78.0,1072.3526154099673,1431.0439664513074,-358.6913510413401
69362.5546875,72715.359375,69064.2421875,71631.359375,71631.359375,37261432669,76.0,1248.0462988782529,1394.4444329366966,-146.3981340584437
71632.5,71742.5078125,68212.921875,69139.015625,69139.015625,36426900409,80.0,1172.655850896117,1350.0867165285806,-177.43086563246356
69140.2421875,71093.4296875,67503.5625,70587.8828125,70587.8828125,38318601774,78.0,1215.8048100166925,1323.230335226203,-107.4255252095104
70575.734375,71256.234375,69571.8125,70060.609375,70060.609375,30153382941,76.0,1193.6939503816393,1297.3230582572903,-103.62910787565102
70061.3828125,71222.7421875,65254.8359375,67195.8671875,67195.8671875,44129299406,79.0,934.2408351361373,1224.7066136330598,-290.46577849692244
67188.375,67931.4296875,60919.10546875,63821.47265625,63821.47265625,52869738185,72.0,451.1365134607622,1069.9925935986003,-618.856080137838
63836.23046875,65824.4296875,62205.8515625,65738.7265625,65738.7265625,49084320047,72.0,220.43815123976674,900.0817051268336,-679.6435538870669
65739.6484375,66878.6484375,62332.0703125,63426.2109375,63426.2109375,43595917654,74.0,-147.29472544323653,690.6064190128196,-837.9011444560562
63419.296875,64355.66796875,61716.40234375,63811.86328125,63811.86328125,42847528078,65.0,-402.961667212614,471.892801767733,-874.854468980347
63831.84765625,64486.36328125,59768.5859375,61276.69140625,61276.69140625,41915247049,67.0,-800.9143020209594,217.33138100999452,-1018.245683030954
61275.31640625,64125.6875,60833.48046875,63512.75390625,63512.75390625,36006307335,57.0,-925.1979697252536,-11.174489137055104,-914.0234805881985
63510.75,65481.59765625,59651.390625,63843.5703125,63843.5703125,49920425401,66.0,-985.6377342972773,-206.06713816909956,-779.5705961281778
63851.1015625,65442.45703125,63172.40234375,64994.44140625,64994.44140625,23097485495,66.0,-929.9511066480482,-350.8439318648893,-579.1071747831588
64992.81640625,65723.2421875,64277.72265625,64926.64453125,64926.64453125,20506644853,72.0,-881.1325467331335,-456.90165483853815,-424.23089189459535
64935.6328125,67233.9609375,64548.1796875,66837.6796875,66837.6796875,28282686673,73.0,-680.3957417800484,-501.6004722268402,-178.7952695532082
66839.890625,67199.2421875,65864.8671875,66407.2734375,66407.2734375,24310975583,71.0,-549.7039203292807,-511.22116184732835,-38.48275848195232
66408.71875,67075.3671875,63589.87109375,64276.8984375,64276.8984375,30276655120,72.0,-610.9900554282212,-531.174940563507,-79.81511486471425
64275.01953125,65275.20703125,62783.6328125,64481.70703125,64481.70703125,32155786816,72.0,-635.7054010279098,-552.0810326563876,-83.62436837152222
64485.37109375,64789.65625,63322.3984375,63755.3203125,63755.3203125,24139372950,70.0,-705.7701490643813,-582.8188559379863,-122.95129312639494
63750.98828125,63898.36328125,62424.71875,63419.140625,63419.140625,19530783039,67.0,-779.4389706135989,-622.1428788731089,-157.29609174049006
63423.515625,64321.484375,62793.59765625,63113.23046875,63113.23046875,17334827993,65.0,-852.6773022904672,-668.2497635565805,-184.42753873388665
63106.36328125,64174.87890625,61795.45703125,63841.12109375,63841.12109375,26635912073,67.0,-842.2752923245935,-703.0548693101831,-139.22042301441036
63839.41796875,64703.33203125,59120.06640625,60636.85546875,60636.85546875,37840840057,67.0,-1080.1379236353678,-778.47148017522,-301.6664434601478
60609.49609375,60780.5,56555.29296875,58254.01171875,58254.01171875,48439780271,54.0,-1444.2726726835826,-911.6317186768925,-532.6409540066901
58253.703125,59602.296875,56937.203125,59123.43359375,59123.43359375,32711813559,43.0,-1643.7488914799542,-1058.0551532375048,-585.6937382424494
59122.30078125,63320.50390625,58848.3125,62889.8359375,62889.8359375,33172023048,48.0,-1480.8477489673678,-1142.6136723834775,-338.2340765838903
62891.03125,64494.95703125,62599.3515625,63891.47265625,63891.47265625,20620477992,67.0,-1256.4402466544561,-1165.3789872376733,-91.06125941678283
63892.453125,64610.890625,62955.3046875,64031.1328125,64031.1328125,18296164805,69.0,-1055.163014467369,-1143.3357926836125,88.17277821624339
64038.3125,65494.90234375,62746.23828125,63161.94921875,63161.94921875,28697928697,71.0,-954.7791105234355,-1105.6244562515772,150.84534572814164
63162.76171875,64390.45703125,62285.98046875,62334.81640625,62334.81640625,25930730982,68.0,-931.2321838092612,-1070.746001763114,139.51381795385282
62332.640625,62986.0859375,60877.12890625,61187.94140625,61187.94140625,26088172222,64.0,-993.660008363011,-1055.3288030830936,61.66879472008259
61191.19921875,63404.9140625,60648.07421875,63049.9609375,63049.9609375,25453338161,55.0,-882.7097657528357,-1020.804995617042,138.09522986420632
63055.19140625,63446.7421875,60208.78125,60792.77734375,60792.77734375,27804954694,66.0,-965.7837966479638,-1009.8007558232264,44.01695917526263
60793.35546875,61451.15234375,60492.625,60793.7109375,60793.7109375,13842272968,53.0,-1019.7897302222409,-1011.7985507030294,-7.991179519211528
60793.50390625,61818.15625,60632.6015625,61448.39453125,61448.39453125,13800459405,56.0,-998.2550640884438,-1009.0898533801123,10.834789291668585
61451.21875,63422.66015625,60769.83984375,62901.44921875,62901.44921875,27889181179,57.0,-854.0938541364449,-978.0906535313788,123.99679939493399
62900.7734375,63092.125,61123.765625,61552.7890625,61552.7890625,28186271527,66.0,-838.9991994972952,-950.2723627245622,111.27316322726699
61553.98828125,66454.453125,61330.41015625,66267.4921875,66267.4921875,39815167074,64.0,-441.5099848996979,-848.5198871595894,407.00990225989153
66256.109375,66712.4296875,64613.0546875,65231.58203125,65231.58203125,31573077994,70.0,-207.69206587137887,-720.3543229019474,512.6622570305685
65231.296875,67459.4609375,65119.31640625,67051.875,67051.875,28031279310,74.0,123.07402849122445,-551.668652623313,674.7426811145375
67066.2109375,67387.328125,66663.5,66940.8046875,66940.8046875,16712277406,73.0,371.9583905588879,-366.94324398687286,738.9016345457608
66937.9296875,67694.296875,65937.1796875,66278.3671875,66278.3671875,19249094538,72.0,509.8704019730503,-191.58051479488822,701.4509167679386
66278.7421875,71483.5625,66086.171875,71448.1953125,71448.1953125,43850655717,70.0,1024.5185758505468,51.639303334198786,972.879272516348
71443.0625,71946.4609375,69191.125,70136.53125,70136.53125,46932005990,76.0,1311.4233614998739,303.5961149673338,1007.8272465325401
70135.3203125,70623.6953125,68977.6953125,69122.3359375,69122.3359375,32802561717,76.0,1440.35684827355,530.948261628577,909.408586644973
69121.3046875,70041.2734375,66356.953125,67929.5625,67929.5625,41895680979,76.0,1429.8087719763062,710.7203636981229,719.0884082781832
67928.1328125,69220.296875,66622.671875,68526.1015625,68526.1015625,29197308153,74.0,1452.8376542565093,859.1438218098002,593.693832446709
68526.921875,69579.3203125,68515.8203125,69265.9453125,69265.9453125,15473071741,76.0,1513.3425460229773,989.9835666524357,523.3589793705416
69264.2890625,69506.2265625,68183.890625,68518.09375,68518.09375,15628433737,75.0,1483.842920101859,1088.7554373423204,395.0874827595385
68512.1796875,70597.8828125,68232.5,69394.5546875,69394.5546875,25870990717,74.0,1513.7378985670657,1173.7519295872696,339.9859689797961
69392.1953125,69514.640625,67227.15625,68296.21875,68296.21875,32722265965,72.0,1432.2927738766302,1225.4600984451417,206.8326754314885
68296.3515625,68852.4609375,67101.4921875,67578.09375,67578.09375,26707072906,72.0,1294.8737414396746,1239.3428270440484,55.53091439562627
67576.0859375,69500.5390625,67118.078125,68364.9921875,68364.9921875,29509712534,73.0,1235.2253863515798,1238.5193389055546,-3.2939525539748047
68362.515625,68999.5625,66633.421875,67491.4140625,67491.4140625,27387283769,73.0,1104.728558161747,1211.7611827567932,-107.03262459504617
67489.609375,67839.765625,67386.1953125,67706.9375,67706.9375,11641495604,72.0,1007.0907070653047,1170.8270876184956,-163.73638055319088
67710.2734375,68409.1640625,67315.5234375,67751.6015625,67751.6015625,17110588415,73.0,922.6799431627733,1121.1976587273512,-198.51771556457788
67753.8984375,70230.8203125,67589.8359375,68804.78125,68804.78125,32401285324,73.0,930.0456166788936,1082.9672503176596,-152.92163363876602
68804.5703125,71047.40625,68564.640625,70567.765625,70567.765625,33149696545,73.0,1065.8545632606983,1079.5447129062673,-13.690149645568908
70568.3515625,71735.4140625,70390.7109375,71082.8203125,71082.8203125,32810771409,75.0,1201.1980769557267,1103.8753857161591,97.32269123956758
71082.84375,71625.734375,70119.125,70757.1640625,70757.1640625,25223152007,78.0,1267.5692990591633,1136.61416838476,130.95513067440334
70759.1875,71907.8515625,68507.2578125,69342.5859375,69342.5859375,36188381096,77.0,1192.2804710882629,1147.7474289254606,44.5330421628023
69324.1796875,69533.3203125,69210.7421875,69305.7734375,69305.7734375,14262185861,72.0,1116.7696460844163,1141.5518723572518,-24.782226272835487
69297.4921875,69817.5234375,69160.84375,69647.9921875,69647.9921875,13534028500,75.0,1072.1815251146181,1127.677802908725,-55.496277794106845
69644.3125,70146.0703125,69232.421875,69512.28125,69512.28125,20597699541,72.0,1014.2032754930988,1104.9828974255997,-90.77962193250096
69508.078125,69549.4140625,66123.6015625,67332.03125,67332.03125,37116136345,74.0,783.2977719378687,1040.6458723280534,-257.34810039018475
67321.375,69977.890625,66902.453125,68241.1875,68241.1875,34497940694,72.0,665.987716195872,965.7142411016173,-299.72652490574524
68243.1015625,68365.78125,66304.5625,66756.3984375,66756.3984375,28955204146,70.0,448.04381322198606,862.180155525691,-414.13634230370496
66747.5703125,67294.6484375,65056.89453125,66011.09375,66011.09375,27403884779,74.0,212.72962569861556,732.290049560276,-519.5604238616604
66006.7421875,66402.1875,65871.7734375,66191.0,66191.0,14121265576,74.0,40.293884753540624,593.8908165989288,-553.5969318453882
66189.359375,66894.84375,66018.25,66639.046875,66639.046875,13281140541,71.0,-59.52290099833044,463.208073079477,-522.7309740778074
66636.515625,67188.3203125,65094.96484375,66490.296875,66490.296875,30006354476,71.0,-148.91470862731512,340.7835167381186,-489.6982253654337
66490.9765625,66556.703125,64066.95703125,65140.74609375,65140.74609375,39481285950,74.0,-324.91046400755295,207.64472058898428,-532.5551845965372
65146.66015625,65695.3515625,64693.30078125,64960.296875,64960.296875,21103423504,64.0,-473.4910024649289,71.41757597820165,-544.9085784431305
64960.296875,66438.9609375,64547.84765625,64828.65625,64828.65625,25641109124,60.0,-595.0055938208097,-61.86705798160063,-533.1385358392091
64837.98828125,65007.546875,63378.89453125,64096.19921875,64096.19921875,26188171739,63.0,-741.8582636857318,-197.86529912242688,-543.9929645633049
64113.86328125,64475.46875,63929.7578125,64252.578125,64252.578125,9858198793,53.0,-835.9848784524074,-325.489214988423,-510.49566346398444
64248.96484375,64491.703125,63180.796875,63180.796875,63180.796875,11170471802,55.0,-985.7021278741449,-457.5317975655674,-528.1703303085776
63173.3515625,63292.52734375,58601.69921875,60277.4140625,60277.4140625,43152133651,51.0,-1323.3777798099982,-630.7009940144535,-692.6767857955447
60266.28125,62258.26171875,60239.75,61804.640625,61804.640625,29201215431,30.0,-1451.0272083374002,-794.7662368790429,-656.2609714583573
61789.67578125,62434.13671875,60695.1875,60811.27734375,60811.27734375,22506003064,46.0,-1613.7441766755364,-958.5618248383416,-655.1823518371948
60811.2265625,62293.86328125,60585.33203125,61604.80078125,61604.80078125,21231745045,40.0,-1659.5377189441497,-1098.7570036595034,-560.7807152846462
61612.8046875,62126.09765625,59985.40234375,60320.13671875,60320.13671875,24952866877,47.0,-1778.9840636680601,-1234.8024156612148,-544.1816480068453
60319.875,61097.62109375,60300.96484375,60887.37890625,60887.37890625,12652903396,30.0,-1807.0439704897217,-1349.2507266269163,-457.7932438628054
60888.4453125,62892.828125,60632.94921875,62678.29296875,62678.29296875,17333226409,47.0,-1665.570194831591,-1412.5146202678513,-253.05557456373958
62673.60546875,63777.2265625,62495.51171875,62851.98046875,62851.98046875,25468379421,53.0,-1521.8926475800035,-1434.3902257302818,-87.50242184972171
62844.41015625,63203.359375,61752.74609375,62029.015625,62029.015625,20151616992,51.0,-1457.6308798890896,-1439.0383565620434,-18.592523327046138
62034.33203125,62187.703125,59419.38671875,60173.921875,60173.921875,29756701685,50.0,-1538.656849591207,-1458.962055167876,-79.6947944233309
60147.13671875,60399.67578125,56777.8046875,56977.703125,56977.703125,41149609230,44.0,-1839.5732007869883,-1535.0842842916986,-304.4889164952897
57022.80859375,57497.15234375,53717.375,56662.375,56662.375,55417544033,29.0,-2079.5244579826904,-1643.972319029897,-435.55213895279326
56659.07421875,58472.546875,56038.9609375,58303.5390625,58303.5390625,20610320577,26.0,-2112.9031022758136,-1737.7584756790804,-375.14462659673313
58239.4296875,58371.12109375,55793.32421875,55849.109375,55849.109375,20553359505,29.0,-2310.7707547587415,-1852.3609314950127,-458.40982326372887
55849.57421875,58131.3359375,54321.01953125,56705.09765625,56705.09765625,39766159899,28.0,-2371.177733501667,-1956.1242918963435,-415.0534416053233
56704.59765625,58239.1953125,56316.875,58009.2265625,58009.2265625,27849512607,27.0,-2287.4500948842833,-2022.3894524939315,-265.06064239035186
58033.8828125,59359.43359375,57178.4140625,57742.49609375,57742.49609375,26175260526,28.0,-2217.061354501624,-2061.3238328954703,-155.73752160615368
57729.890625,59299.43359375,57120.37890625,57344.9140625,57344.9140625,28707803842,29.0,-2168.363770033706,-2082.7318203231175,-85.63194971058829
57341.1953125,58532.5546875,56590.17578125,57899.46484375,57899.46484375,25604805221,25.0,-2061.2620244957725,-2078.4378611576485,17.17583666187602
57908.73828125,59787.078125,57796.44140625,59231.953125,59231.953125,17080061806,25.0,-1847.5648735102732,-2032.2632636281735,184.69839011790032
59225.25,61329.52734375,59225.25,60787.79296875,60787.79296875,22223416061,33.0,-1534.9708802337555,-1932.80478694929,397.83390671553457
60815.45703125,64870.15234375,60704.9296875,64870.15234375,64870.15234375,38094526099,52.0,-946.910213077128,-1735.6258721748577,788.7156590977297
64784.41796875,65354.33984375,62487.96875,65097.1484375,65097.1484375,41617346768,65.0,-457.27997106749535,-1479.9566919533852,1022.6767208858898
65091.83203125,66066.734375,63896.0859375,64118.79296875,64118.79296875,32525071311,69.0,-146.50081633268564,-1213.2655168292454,1066.7647004965597
64104.73828125,65104.66015625,63246.1640625,63974.06640625,63974.06640625,27239305337,61.0,87.11151149467332,-953.1901111644617,1040.3016226591349
63972.32421875,67442.640625,63329.34375,66710.15625,66710.15625,37003855410,60.0,487.4119665703038,-665.0696956175086,1152.4816621878124
66709.921875,67610.734375,66299.6171875,67163.6484375,67163.6484375,19029581250,74.0,831.6591418680691,-365.7239281203931,1197.3830699884622
67164.9140625,68372.90625,65842.296875,68154.5234375,68154.5234375,26652190004,74.0,1170.9350297296478,-58.39213655038492,1229.3271662800328
68152.9765625,68480.0625,66611.296875,67585.25,67585.25,42649109453,70.0,1377.9933567752742,228.88496211474688,1149.1083946605272
67584.8046875,67779.015625,65484.4609375,65927.671875,65927.671875,35605668666,71.0,1392.2864593691338,461.56526156562427,930.7211978035095
65927.859375,67113.984375,65146.99609375,65372.1328125,65372.1328125,27470942309,69.0,1343.3017403544218,637.9125573233838,705.389183031038
65375.875,66112.421875,63473.47265625,65777.2265625,65777.2265625,38315761670,68.0,1321.9302882448392,774.7161035076749,547.2141847371643
65771.8125,68207.6015625,65743.765625,67912.0625,67912.0625,30488630457,68.0,1460.4218431362533,911.8572514333906,548.5645917028627
67911.8125,69398.5078125,66705.21875,67813.3359375,67813.3359375,34691905492,72.0,1544.4080154228504,1038.3674042312828,506.0406111915677
67808.65625,68301.8515625,67085.828125,68255.8671875,68255.8671875,18043166945,71.0,1627.9106943890001,1156.2760622628261,471.634632126174
68259.0546875,69987.5390625,66532.59375,66819.9140625,66819.9140625,40780682628,74.0,1560.2323651529223,1237.0673228408455,323.1650423120768
66819.0546875,66987.671875,65323.19140625,66201.015625,66201.015625,31380492109,67.0,1440.0567917895896,1277.6652166305944,162.39157515899524
66201.2734375,66810.2109375,64532.046875,64619.25,64619.25,31292785994,61.0,1203.310503065717,1262.794273917619,-59.48377085190191
64625.83984375,65593.2421875,62248.94140625,65357.5,65357.5,40975554494,52.0,1063.0043167086696,1222.8362824758292,-159.83196576715955
65353.5,65523.22265625,61184.89453125,61415.06640625,61415.06640625,43060875727,57.0,626.4676809821103,1103.5625621770855,-477.0948811949752
61414.80859375,62148.37109375,59836.52734375,60680.09375,60680.09375,31753030589,37.0,218.68226809398038,926.5865033604646,-707.9042352664842
60676.09375,61062.98828125,57210.8046875,58116.9765625,58116.9765625,31758917219,34.0,-307.7650221242875,679.7161982635142,-987.4812203878017
58110.296875,58268.828125,49121.23828125,53991.45703125,53991.45703125,108991085584,26.0,-1045.8177047354766,334.6094176637161,-1380.4271223991927
53991.34765625,57059.91796875,53973.2734375,56034.31640625,56034.31640625,49300484106,17.0,-1449.1828169837245,-22.149029265772015,-1427.0337877179525
56040.6328125,57726.8828125,54620.5078125,55027.4609375,55027.4609375,41637562185,29.0,-1829.0136652040455,-383.52195645342675,-1445.4917087506187
55030.02734375,62673.765625,54766.7265625,61710.13671875,61710.13671875,45298472567,20.0,-1572.6675305167882,-621.3510712660991,-951.3164592506891
61728.20703125,61751.86328125,59587.859375,60880.11328125,60880.11328125,33425553115,48.0,-1420.1171005707438,-781.1042771270281,-639.0128234437157
60881.23046875,61464.51171875,60287.56640625,60945.8125,60945.8125,15745822278,40.0,-1279.1728989683252,-880.7180014952876,-398.4548974730376
60944.890625,61778.66015625,58348.82421875,58719.484375,58719.484375,22759754812,39.0,-1331.7678860437154,-970.9279784049733,-360.83990763874215
58719.39453125,60680.33203125,57688.8984375,59354.515625,59354.515625,37078637820,25.0,-1307.1401792105462,-1038.1704185660878,-268.96976064445835
59356.20703125,61572.3984375,58506.25390625,60609.56640625,60609.56640625,30327698167,31.0,-1172.8307718858705,-1065.1024892300445,-107.72828265582598
60611.05078125,61687.7578125,58472.875,58737.26953125,58737.26953125,29961696180,30.0,-1203.594026581508,-1092.8007967003373,-110.79322988117065
58733.26171875,59838.6484375,56161.59375,57560.09765625,57560.09765625,35682112440,29.0,-1307.8855691312929,-1135.8177511865283,-172.06781794476456
57560.2734375,59847.359375,57110.01953125,58894.10546875,58894.10546875,29350938673,27.0,-1268.2742106545556,-1162.309043080134,-105.96516757442168
58893.53125,59694.66796875,58814.83203125,59478.97265625,59478.97265625,13589684021,25.0,-1176.130331242246,-1165.0733007125564,-11.057030529689655
59468.1328125,60262.71875,58445.40234375,58483.96484375,58483.96484375,17740625837,31.0,-1169.9084810617496,-1166.0403367823951,-3.86814427935451
58480.7109375,59612.66015625,57864.7109375,59493.453125,59493.453125,25911207712,28.0,-1071.172542033586,-1147.0667778326333,75.89423579904724
59493.453125,61396.328125,58610.8828125,59012.79296875,59012.79296875,31613400008,30.0,-1019.9514906778059,-1121.643720401668,101.69222972386206
59014.98828125,61834.3515625,58823.4453125,61175.19140625,61175.19140625,32731154072,26.0,-795.698637869973,-1056.454703895329,260.75606602535595
61168.31640625,61408.109375,59815.25390625,60381.9140625,60381.9140625,27625734377,39.0,-674.2155511217279,-980.0068733406088,305.79132221888085
60380.953125,64947.0625,60372.05078125,64094.35546875,64094.35546875,42530509233,34.0,-275.20395444009046,-839.0462895605052,563.8423351204148
64103.87109375,64513.7890625,63619.91796875,64178.9921875,64178.9921875,21430585163,56.0,47.299843366781715,-661.7770629750479,709.0769063418296
64176.3671875,64996.421875,63833.51953125,64333.54296875,64333.54296875,18827683555,54.0,311.7635667240975,-467.0689370352189,778.8325037593163
64342.2265625,64489.70703125,62849.55859375,62880.66015625,62880.66015625,27682040631,55.0,399.5121448049249,-293.75272066719015,693.264865472115
62879.70703125,63210.796875,58116.75,59504.1328125,59504.1328125,39103882198,48.0,194.35557719241478,-196.13106109526916,390.48663828768395
59507.92578125,60236.44921875,57890.67578125,59027.625,59027.625,40289564698,30.0,-6.606522956331901,-158.2261534674817,151.6196305111498
59027.46875,61184.08203125,58786.2265625,59388.1796875,59388.1796875,32224990582,29.0,-135.21797651496308,-153.624518076978,18.406541562014922
59388.6015625,59896.88671875,57768.53125,59119.4765625,59119.4765625,32292756405,34.0,-255.8759973769702,-174.07481393697645,-81.80118343999374
59119.34765625,59401.18359375,58855.1796875,59209.93359375,59209.93359375,25082251264,29.0,-340.27672350958164,-207.3151958514975,-132.96152765808415
